2017-12-28T12:00:16Z,Death in an Amazon dumpster
2018-02-01T00:30:11Z,Amazon patents wristband that tracks warehouse workers' movements
2018-02-01T16:58:17Z,Amazon fulfillment centers don't boost employment, analysis finds
2017-12-20T11:39:13Z,Amazon removes circumcision training kits from sale
2018-01-25T08:03:37Z,Sky takes on Netflix and Amazon with cheaper streaming
2018-01-25T07:00:08Z,Amazon Prime: how did I become an ‘accidental’ member?
2017-12-17T12:07:25Z,Amazon Prime could face investigation over delivery complaints
2018-02-05T09:00:16Z,Amazon Echo Spot review: cute smart speaker with a screen
2018-02-04T07:00:47Z,Healthcare is a huge industry –  no wonder Amazon is muscling in | John Naughton
2018-01-26T10:00:43Z,Andreas Gursky’s Amazon: immensity of the image and the enterprise
2016-09-20T10:13:49Z,Incentivised reviews are warping Amazon’s product star ratings, report says
2016-04-18T08:40:18Z,Amazon takes on Netflix by offering Prime Video as standalone service
2015-12-14T09:07:13Z,Amazon pulls hoverboards over safety fears
2016-05-05T19:36:01Z,Facebook, Apple and Amazon to lobby next president over tech worker visas
2016-02-29T13:36:59Z,Amazon to start selling fresh and frozen Morrisons food
2016-01-28T22:40:12Z,Amazon shares plunge after missing holiday quarter estimates
2017-08-18T08:00:18Z,Please, no more brilliant TV. I’m at breaking point | Jack Bernhardt
2016-08-30T18:49:21Z,When Jeff Bezos delivered for me | Brief letters
2016-04-26T08:00:13Z,Amazon Kindle Oasis review: the luxury e-reader really is something special
2016-03-07T19:01:13Z,Amazon reverses 'backward' decision to remove encryption from Fire tablets
2015-09-17T13:40:15Z,Amazon releases £50 tablet that’s hardy enough to survive family life
2015-11-01T15:18:34Z,UK losing millions in VAT from non-EU sellers on Amazon and eBay
2015-07-30T09:59:33Z,Top Gear's Clarkson, Hammond and May sign Amazon deal
2015-08-21T14:12:39Z,The office after Amazon: is the workplace becoming a jungle?
2015-06-30T11:03:58Z,Amazon offers one-hour deliveries in central London
2015-08-19T13:00:06Z,Brand damage for Amazon and a triumph for old media
2016-03-09T20:08:38Z,Style Code Live: Amazon's new shopping show is the ultimate capitalist dream
2015-08-18T13:23:17Z,Amazon exposé shows how little tech has changed the landscape
2015-08-17T12:44:20Z,Jeff Bezos defends Amazon after NYT exposé of working practices
2015-11-10T15:57:31Z,Amazon's new bookshop 'reverse showroomed' in Seattle
2015-09-17T13:00:01Z,Amazon launches gaming and 4K streaming Fire TV update
2015-11-03T12:20:38Z,Amazon begins a new chapter with opening of first physical bookstore
2016-05-26T11:00:10Z,Virtual assistants such as Amazon's Echo break US child privacy law, experts say
2016-12-28T17:18:42Z,Why entertainment may have saved 2016 from oblivion
2017-03-03T12:08:32Z,Welcome to the Absent Corporation, where customer services don’t exist | David Boyle
2017-06-01T11:08:39Z,Apple has started production on Siri-based Echo competitor, reports say
2016-09-02T12:56:42Z,Palo Alto mayor pushes for ban on large tech companies taking over downtown
2015-07-17T09:33:37Z,The book world need not fear Amazon
2016-10-27T21:56:39Z,Google's Alphabet defies expectations with 20% revenue rise
2016-07-31T23:01:15Z,Prince and Bowie drive rise in entertainment spending online
2017-03-29T06:20:00Z,Cycle freight: why the bike is good for moving more than people
2015-08-21T11:30:01Z,How to leave your job and take a leap (from Amazon or anywhere else)
2015-05-22T16:08:23Z,Top Amazon UK executives quit as directors of British arm
2015-07-30T17:18:31Z,Top Gear crew to film Amazon motoring show in new year, says producer
2015-05-22T23:32:46Z,Amazon to begin paying corporation tax on UK retail sales
2016-01-23T15:19:58Z,Blue Origin launches and lands sub-orbital rocket for second time
2017-05-21T09:00:01Z,The great digital-age swindle… and the man fighting back
2016-08-07T05:59:08Z,Why Uber has been taken for a ride in China | John Naughton
2015-08-16T13:36:46Z,Amazon boss says Jeremy Clarkson's Top Gear follow-on show 'expensive but worth it'
2015-12-06T18:30:29Z,Can broadcast TV match streaming’s big budget shows?
2015-12-29T06:00:17Z,Amazon UK to expand grocery range as supermarkets look on warily
2016-04-27T13:04:15Z,Former Asda director takes helm of Amazon’s UK operations
2015-10-10T06:00:14Z,Can Argos beat Amazon at its own game?
2015-12-22T19:15:02Z,Amazon and eBay face crackdown over VAT fraud by overseas sellers
2016-08-25T17:26:16Z,War of words hots up between US and EU over tax avoidance
2016-11-01T15:04:24Z,Consumers question worth of top-end tablets as sales fall dramatically
2017-09-21T17:43:42Z,Ryanair boss Michael O’Leary may be flying by the seat of his pants in row with pilots | Nils Pratley
2016-03-18T15:50:52Z,Amazon's UK boss leaves for US retailer Shutterfly
2017-09-23T17:00:21Z,Secrets of the TV writers’ room: inside Narcos, Transparent and Silicon Valley
2016-07-29T14:57:29Z,Are drone deliveries a realistic prospect?
2017-01-18T10:23:18Z,The Panama chef using rainforest ingredients to transform fine dining
2014-12-18T17:23:56Z,Amazon Prime two-hour delivery service to be trialled in Manhattan
2016-04-18T13:26:21Z,Pizza, porn and whale snot: seven alternative uses for drones
2014-11-22T15:06:44Z,Former Amazon employee set for hunger strike at Seattle headquarters
2015-01-29T23:14:05Z,Amazon reports $89bn in sales last year as shares jump 11% after hours
2015-01-06T13:32:23Z,Amazon shipped 5bn items in 2014, with 40% from third-party sellers
2014-08-01T07:00:03Z,Trolls: now available on Amazon books
2014-12-09T20:06:34Z,Amazon threatens to take drone testing abroad as US delays approval
2015-08-22T11:15:10Z,Amazon's brutal work culture will stay: bottom lines matter more than people | Mike Daisey
2015-09-15T14:18:03Z,Income for US authors falls below federal poverty line – survey
2016-03-07T19:01:13Z,Amazon reverses 'backward' decision to remove encryption from Fire tablets
2016-11-07T13:58:26Z,UK online sellers warned over price fixing
2017-11-17T06:00:05Z,UK shoppers forecast to spend £10bn in Black Friday sales
2016-04-17T23:01:01Z,Sainsbury's hires 150 digital experts for face-off with Amazon and Tesco
2017-05-13T18:00:02Z,How to escape the online spies
2017-04-22T11:00:12Z,As more buy clothes online, Walmart eyes a piece of the action
2016-06-20T11:42:39Z,Amazon's express delivery service rattles Paris authorities
2016-03-16T19:51:22Z,Osborne targets overseas sellers on Amazon and eBay in VAT clampdown
2016-04-27T20:21:57Z,Amazon must pay consumers for in-app purchases made by children, judge rules
2016-02-17T13:37:45Z,Amazon in talks to hire former Marks & Spencer womenswear boss
2016-01-29T21:52:50Z,European commission unfairly targeting US companies over taxes, official says
2015-03-24T21:46:09Z,Amazon warns Congress: US risks being left behind in delivery drone business
2015-02-03T18:01:49Z,Amazon reportedly looking to buy hundreds of US retail stores
2015-02-02T15:30:05Z,Amazon, the greedy giant with small publishers in its grip
2015-01-29T16:11:50Z,Amazon challenges Google with cloud email service for business market
2014-11-10T13:52:10Z,Amazon takes 22.5% of UK entertainment market
2015-11-26T14:40:54Z,What is Black Friday and who's to blame for it?
2015-02-15T19:50:37Z,Amazon dismayed by proposed FAA rules on commercial use of drones
2016-06-09T07:00:00Z,From YouTube to the blockchain: how music and tech are colliding in 2016
2014-11-03T07:30:09Z,Open thread: #SamaritansRadar, Amazon diversity, Facebook research
2014-11-13T21:15:06Z,Amazon and publisher Hachette end dispute over online book sales
2014-11-12T18:28:29Z,Amazon to begin testing same-day delivery drones in Cambridge
2014-08-26T13:17:22Z,Life beyond Amazon: live-streaming Twitch alternatives
2014-12-03T12:42:49Z,Jeff Bezos: I’ve made billions of dollars of failures at Amazon
2014-06-22T07:30:00Z,Amazon: just another greedy retailer?
2015-08-14T14:45:54Z,Anne Rice hits out at 'internet lynch mobs' attacking controversial books
2015-09-02T16:23:58Z,YouTubers Caspar Lee and Joe Sugg set pre-order DVD sales records
2014-11-24T07:30:06Z,Can Amazon take on Netflix with ad-supported video? Open thread
2016-10-28T14:30:40Z,Uber’s defeat shows it doesn’t have to be a rigged economy | Frances O’Grady
2015-12-26T06:59:17Z,How to collect a refund for something you didn't want for Christmas
2014-12-08T15:58:51Z,Amazon goes head to head with Wattpad in battle for fanfic writers
2015-01-15T20:24:36Z,Amazon’s Luxembourg tax deal to be scrutinised by Brussels
2014-10-20T15:52:00Z,Amazon spreads Christmas cheer and improves pay for temporary staff
2014-12-23T15:46:51Z,‘Amazon-free’ Christmas campaign diverts reported £5m worth of sales from online retailer
2015-08-03T20:07:26Z,Walmart and other large retailers to stop selling realistic toy guns in New York
2015-09-28T11:05:52Z,Five of the best media-streaming boxes to turn your dumb TV into a smart one
2014-07-25T16:14:11Z,Writers unite in campaign against 'thuggish' Amazon
2015-02-03T15:58:42Z,Amazon's first bricks-and-mortar store opens in ... Indiana
2014-11-24T06:00:05Z,Amazon to open fashion photography studio in east London by summer 2015
2014-12-14T18:11:36Z,Amazon sellers hit by nightmare before Christmas as glitch cuts prices to 1p
2016-11-19T07:00:01Z,Black Friday: a shopper’s guide
2017-11-26T19:00:59Z,The rise of the robots brings threats and opportunities | Letters
2016-03-02T14:49:36Z,Amazon recalls Fire 7 and Kids Edition power adapter over electrical shock risk
2016-02-29T19:37:36Z,Stock market reaction to Morrisons' Amazon tie-up is hard to argue with
2017-03-30T10:18:21Z,Christopher Nolan and Sofia Coppola urge fans to watch films in cinemas, not on Netflix
2016-11-16T19:45:49Z,Snapchat's potential $25bn flotation may sink company's appeal
2015-10-22T21:09:37Z,Amazon confounds expectations with third-quarter profit surge
2016-01-22T11:58:47Z,Amazon to create more than 2,500 permanent jobs across UK this year
2016-01-21T19:08:51Z,Seattle bookstores face new threat from Amazon: a brick-and-mortar location
2016-02-18T13:45:46Z,Amazon: the obscure subsidiary at the heart of US and EU tax disputes
2015-03-27T21:56:53Z,Amazon to remove non-compete clause from contracts for hourly workers
2014-11-05T13:37:56Z,Amazon ‘undeterred’ by Fire Phone failure
2015-10-08T12:22:31Z,Need faster broadband? Try posting your data via Amazon's big box
2016-02-11T19:52:39Z,Former Sainsbury's boss wades into tax row to criticise 'unfair' rates bills
2015-02-16T15:59:41Z,Giles Coren declares war on Amazon Prime over free trial
2015-01-21T16:30:33Z,Amazon drops its nappies after customers raise a stink
2015-07-16T17:02:27Z,Leading authors call for government probe of Amazon's 'damaging' power
2016-02-29T18:59:27Z,The Guardian view on the automated future: fewer shops and fewer people | Editorial
2016-12-17T17:48:00Z,Southern rail dispute reflects workers’ growing fears about rise of automation
2015-04-23T11:00:00Z,Amazon dash: tech's chance to be more Mary Poppins and less Minority Report
2017-03-17T00:01:02Z,Gig economy companies trying to have their cake and eat it, say workers
2016-12-23T08:00:10Z,Alexa, lights! How I turned my home into a sci-fi dream
2016-02-02T13:52:37Z,Sainsbury's agrees terms to buy Home Retail Group in £1.3bn deal
2015-06-23T19:43:23Z,Amazon joins retailers banning the sale of items featuring Confederate flag
2016-02-11T19:31:52Z,Facebook director appointed to digital economy advisory group
2016-06-21T18:21:36Z,Banks are prepared for the EU referendum, or so they keep telling us
2015-07-14T10:25:07Z,Amazon at 20: what has the online giant ever done for retail?
2015-10-20T13:59:19Z,Washington Post rekindles Amazon’s row with New York Times
2016-04-19T10:40:19Z,Google Now turns Siri on after being prodded by Alexa in virtual threesome
2015-05-25T18:08:38Z,Amazon and Penguin Random House said to be in dispute
2018-02-07T11:00:38Z,As Queer Eye gets a reboot, television enjoys a wealth of gay perspectives
2015-11-16T16:30:06Z,Amazon should take a leaf out of John Lewis's book
2015-12-08T11:52:08Z,Amazon boss Jeff Bezos wants to send Donald Trump into space
2015-11-17T17:23:01Z,Merci Amazon, mais nous n'avons pas besoin de ta solidarité
2016-07-26T17:59:41Z,Corporate ownership of our power and skies | Letters
2015-09-20T08:00:03Z,Amazon reaches for Prime to boost Washington Post
2015-08-19T18:51:39Z,Going against the flow on Amazon sales | Letters
2015-11-29T21:01:41Z,Amazon unveils hybrid drone prototype to make deliveries within 30 minutes
2015-08-17T12:24:48Z,Why I’m finally going to boycott Amazon
2016-02-29T15:58:12Z,Amazon's tie-up with Morrisons is an upgrade but not game-changer
2017-06-25T06:00:21Z,Tech giants face no contest when it comes to competition law | John Naughton
2016-10-25T07:00:16Z,Amazon Fire HD 8 review: cutting the right corners for a decent £90 tablet
2016-07-25T23:00:57Z,Amazon to test drone delivery in partnership with UK government
2018-01-12T14:16:00Z,CES 2018: voice-controlled showers, non-compliant robots and smart toilets
2016-10-17T16:40:16Z,Mark Haddon joins John Le Carré and Ian Rankin in the fight against Amazon
2017-01-15T07:00:09Z,Amazon’s Echo seems great, but what does it hear? | John Naughton
2017-10-19T10:00:03Z,Franklin Foer: 'Big tech has been rattled. The conversation has changed'
2017-05-17T11:30:40Z,Cheap books, high price: why Amazon.com’s ‘one-click’ sales can cost authors dear
2016-11-07T08:10:06Z,I tried to do my shopping with Amazon Dash buttons so you don't have to
2016-09-02T12:12:18Z,Amazon Dash: does the world really need more little pieces of plastic?
2014-08-08T15:52:24Z,Bestselling authors take out full-page New York Times ad against Amazon
2014-05-27T18:59:54Z,Amazon war with Hachette over ebook profit margins intensifies
2014-05-28T15:48:52Z,The bookshop revolution: Can coops hold out against Amazon?
2014-06-20T12:54:07Z,Amazon cuts delays on JK Rowling novel after consumer pressure
2015-10-22T16:54:26Z,America’s got talent of a sobering variety | Emma Brockes
2015-06-22T10:00:10Z,In anyone’s language, AmazonCrossing is a hit
2014-01-28T10:42:23Z,Amazon tops customer satisfaction list
2014-10-08T15:35:35Z,European Commission to investigate Amazon's Luxembourg tax affairs
2014-08-01T12:04:18Z,Hachette ebook sales fall in wake of dispute with Amazon over pricing
2014-07-27T11:30:00Z,A single publisher going it alone won't counter the might of Amazon
2016-02-18T22:24:09Z,Coming from the creator of Transparent: I Love Dick, the TV version of cult novel
2015-07-02T09:48:51Z,Amazon set to pay self-published authors as little as $0.006 per page read
2016-01-30T12:00:24Z,The future of e-commerce: bricks and mortar
2016-02-16T11:30:13Z,Which is the best music streaming service?
2015-08-17T15:29:49Z,The tragedy behind Amazon’s toxic management fad | Andre Spicer
2015-03-20T13:48:08Z,Google 'illegally took content from Amazon, Yelp, TripAdvisor,' report finds
2016-02-07T22:00:08Z,EU proposals will force multinationals to disclose tax arrangements
2014-12-01T13:02:08Z,Amazon Christmas boycott campaign gathers weight
2015-06-11T15:31:12Z,European commission to investigate Amazon's ebook dominance
2015-12-24T12:23:42Z,Online retailers launch end-of-year sales ahead of Christmas
2014-11-03T20:20:17Z,Not all authors are bitter about Amazon | @guardianletters
2014-11-28T13:30:08Z,'Being homeless is better than working for Amazon'
2015-11-16T19:29:54Z,MEPs accuse US multinationals of diverting profits to low tax havens
2016-06-09T07:00:00Z,From YouTube to the blockchain: how music and tech are colliding in 2016
2015-01-13T15:19:29Z,Woody Allen to make first TV series for Amazon Prime
2014-12-16T19:05:32Z,Amazon refuses to compensate sellers for 1p price glitch
2015-06-24T17:29:41Z,Amazon's UK business paid just £11.9m in tax last year
2014-10-13T08:21:16Z,Amazon to hire 1,000 UK distribution staff
2015-12-16T11:36:54Z,Banned and dangerous weapons found for sale on Amazon.co.uk
2016-09-19T19:09:34Z,The Guardian view on technology’s ethical egotism: about profits not people | Editorial
2014-08-11T07:44:24Z,Amazon ebook pricing battle intensifies after 'Authors United' ad
2015-06-08T10:00:02Z,VAT changes are a mere nuisance for huge retailers, but a real blow to self-published authors
2014-04-17T12:55:35Z,Amazon workers in Germany strike
2015-04-24T11:12:14Z,EU warns of 'point of no return' if internet firms are not regulated soon
2015-06-21T11:00:07Z,Are drones really on the verge of delivering packages to your doorstep?
2014-09-24T07:48:13Z,Amazon launches Kindle Unlimited - a Netflix-for-books - in the UK
2015-12-16T11:37:39Z,The three illegal weapons bought over Amazon.co.uk
2014-08-25T14:41:26Z,Amazon and Hachette feud could rewrite the book on publishing
2014-06-06T11:57:05Z,Indie booksellers join Hachette's battle with Amazon
2014-07-04T11:57:57Z,Amazon-Hachette fight deepens with self-published authors and print bestsellers taking sides
2014-10-07T11:37:33Z,Amazon Fire Phone review: setting nothing ablaze
2015-01-16T18:34:00Z,Amazon EU Sarl paid too little tax, EU competition regulator says
2015-04-14T15:26:44Z,Can you really make a living by selling used books on Amazon for a penny?
2017-01-01T18:11:43Z,Algorithms: AI’s creepy control must be open to inspection
2014-12-15T19:51:36Z,Amazon sellers face financial uncertainty after 1p automated pricing glitch
2014-11-20T06:00:07Z,Amazon counts cost as Christmas veto campaign gathers momentum
2014-10-24T11:29:19Z,Amazon writes off $170m on unsold Fire Phones
2015-06-25T10:36:52Z,Amazon's 'pay-per-page' plan could alter writing as well as royalties
2014-11-27T11:35:28Z,Amazon Kindle Voyage review: expensive but top quality e-reader
2015-08-22T23:03:05Z,Once, firms cherished their workers. Now they are seen as disposable  | Will Hutton
2014-02-18T19:53:40Z,Marks & Spencer takes control of its online store from Amazon
2016-01-12T20:00:45Z,The Guardian view on taxing big business: let’s end the race to the bottom | Editorial
2014-12-16T07:00:11Z,Shoppers still receiving misleading advice on faulty goods, Which? says
2013-10-28T12:09:24Z,Amazon should shelve the reading recommendations
2014-11-14T07:30:03Z,FTC in talks with Apple over health data protection – Open Thread
2015-05-28T09:49:50Z,Robots won't smash our creativity, they'll enhance it
2014-03-04T13:42:57Z,Anne Rice signs petition to protest bullying of authors on Amazon
2014-11-10T07:30:03Z,Facebook adds more ways to control news feed – today's Open Thread
2014-08-26T20:15:07Z,Amazon's $1bn deal for video streaming site Twitch is latest battle with Google
2014-10-30T10:10:55Z,Grand Theft Auto Online and Twitch windfall key to Take-Two financials
2015-06-22T10:12:54Z,Computer says no: Amazon uses AI to combat fake reviews
2015-06-23T06:00:01Z,Amazon Kindle Paperwhite 2015 review: the sharpest and best yet
2015-08-02T11:30:02Z,Amazon Studios chief: data isn't everything as retailer looks at big picture
2015-07-30T16:24:54Z,Top Gear's Clarkson, Hammond and May to make new show for Amazon
2017-08-04T05:00:34Z,Philip Pullman leads writers condemning 'pernicious' book discounts
2015-08-25T11:38:50Z,Jeremy Clarkson's Amazon show won't get a big UK audience, says Piers Morgan
2015-04-23T11:17:42Z,Amazon to deliver parcels directly to car boots
2015-10-19T19:00:01Z,Can you sue an Amazon reviewer for being stupid as well as fake? | Stuart Heritage
2015-01-19T16:30:33Z,Amazon moves into film production
2015-07-23T21:58:25Z,Amazon stock surge makes CEO Jeff Bezos $7bn richer in 45 minutes
2016-06-10T13:26:42Z,Amazon Fresh is a triumph for the culture of instant gratification | Masuma Rahim
2016-07-06T18:57:45Z,Amazon says 'business as usual' with plans to hire 1,000 extra staff
2016-06-21T20:16:07Z,Amazon and Google's drone delivery plans hit snag with new US regulations
2016-10-28T15:32:24Z,Erotic stories by Anaïs Nin consigned to Amazon's adult content 'dungeon'
2017-06-09T11:50:11Z,Taylor Swift's back catalogue returns to streaming services
2017-04-21T04:07:58Z,Push to impose GST on all imported online goods breaches best-practice rules
2016-05-03T17:57:05Z,Amazon Fresh food deliveries 'to start this month in UK'
2016-04-25T10:13:57Z,Games and films become members-only as Amazon pushes Prime
2016-04-26T09:00:15Z,Authors lose out again in Amazon pay-per-page scam
2017-09-21T18:40:32Z,The Guardian view on markets: buyer, beware | Editorial
2014-11-24T06:00:05Z,Amazon to open fashion photography studio in east London by summer 2015
2016-03-13T18:16:18Z,SXSW: the secret festival gathering for 20 US mayors with tech agendas
2014-11-21T12:25:11Z,Amazon to offer Washington Post app for free to Fire tablet owners
2014-06-20T13:51:29Z,How Amazon is holding Hachette hostage
2016-05-09T12:07:49Z,HMV moves ahead of Tesco as second biggest entertainment retailer
2014-09-09T11:16:11Z,Twitch's CEO stays defiant despite Amazon takeover of company
2014-08-13T11:15:33Z,Amazon launches card payments tool for small businesses
2015-08-22T23:04:05Z,Why the workplace of 2016 could echo Orwell’s 1984
2014-07-10T13:47:57Z,Allan Ahlberg refuses Amazon-sponsored Booktrust award
2015-07-30T11:00:10Z,The imminent invasion of social commerce
2017-11-20T06:00:21Z,How much …? The rise of dynamic and personalised pricing
2016-02-23T12:50:25Z,Canadian serial killer's self-published memoir reaches Amazon
2016-05-10T17:56:10Z,Amazon jumps the price gun as Morrisons staples go online early
2016-02-29T13:44:40Z,Amazon and Morrisons tie-up: a customer's guide
2016-06-21T20:09:55Z,Free credits in your Amazon account? Apple pays up after price-fixing suit
2017-05-25T13:36:19Z,How we integrated off-platform at the Guardian
2016-01-25T12:54:58Z,Manchester-by-the-Sea nets Amazon deal
2016-03-15T08:30:09Z,Amazon delivering knives without age checks, Guardian investigation finds
2017-04-19T13:50:20Z,Online retailers failed to pay up to £1.5bn in VAT last year, says watchdog
2017-12-16T16:00:06Z,US mall operators must buy into e-retail and new use of space
2013-05-16T19:50:29Z,Amazon faces whistleblower's claims over UK business tax practices
2014-07-19T23:05:23Z,Kindle Unlimited: it's the end of losing yourself in a good book
2015-04-07T06:30:05Z,We need ground rules if drone technology is to take off
2014-09-16T12:07:00Z,International tax rule updates to be agreed by G20 countries
2013-04-08T09:26:16Z,Amazon backs down over Cornish-language children's book
2013-07-10T13:17:05Z,Amazon bags Game of Thrones author for its Jet City Comics imprint
2015-01-20T09:50:33Z,BlackBerry Classic review: the phone diehards have been waiting for
2013-04-24T23:31:00Z,Independent booksellers deliver Amazon taxation petition  to No 10
2013-05-16T13:45:57Z,How can Amazon pay tax on profits it doesn't make? | Alex Hern
2013-05-16T07:00:00Z,Fresh questions for Amazon over pittance it pays in tax
2014-09-25T12:15:10Z,Amazon.com's Jeff Bezos shows shareholders should look for more than Kindles and drones
2013-05-14T12:48:00Z,Amazon launches Coins virtual currency
2013-12-04T19:25:25Z,Amazon reveals quarter of Kindle ebook sales in US were for indie publishers
2014-12-11T11:16:09Z,Sony uses hacker techniques to fight back over stolen data
2013-11-12T11:40:59Z,New Google Moto G smartphone price and details leaked by Amazon UK
2014-11-29T07:00:07Z,The modern alternative to gift vouchers and cards
2015-01-21T11:44:31Z,Netflix speeds up global expansion plans
2013-08-08T14:23:01Z,Erotic romance author turned down Amazon publishing deal
2014-05-12T06:05:00Z,Amazon's set-top box, Fire TV, is set to top the games device market
2013-04-05T18:12:00Z,'I love Amazon and I hate Amazon, they're a necessary evil'
2017-10-01T06:00:10Z,Jeff Bezos has his shops, so now Mark Zuckerberg wants a whole town | John Naughton
2016-11-13T00:07:03Z,Help an Amazon driver: hotfoot it to the shops | Barbara Ellen
2017-06-01T17:31:05Z,Let me count the ways to hate Amazon’s new bookstore | Emma Brockes
2016-08-18T15:18:49Z,Amazon to open packing centre in Essex
2017-09-26T10:00:39Z,'From heroes to villains': tech industry faces bipartisan backlash in Washington
2017-10-27T15:46:29Z,US GDP growth beats forecasts; tech giants drive Nasdaq to record high – as it happened
2017-08-11T16:10:07Z,Sky faces paying extra £1.8bn for Premier League broadcast rights
2017-07-27T13:43:47Z,Sky chief gets £11.5m share payout as it reports profits slide
2016-11-16T14:59:39Z,Amazon to stream The Grand Tour in 200 countries and territories
2016-10-04T06:00:01Z,Google Home starts battle with Amazon for living rooms
2015-07-13T06:00:03Z,Amazon Fire HD Kids Edition tablet - review
2016-12-08T19:50:05Z,Feeling the heat from Brussels over tax? Then move to London
2015-08-05T13:50:05Z,Amazon, Best Buy and the free rider problem
2016-09-30T13:00:34Z,In the age of the algorithm, the human gatekeeper is back
2017-08-16T19:29:37Z,The fallout from Trump closing down his advisory panels is just beginning | Nils Pratley
2015-11-08T07:00:00Z,Amazon has cancelled my account and now I can’t access Audible books
2015-08-23T17:45:07Z,New York Times v Amazon: a clash of cultures
2016-11-24T18:41:10Z,Britons expected to spend £1.3bn on Black Friday bargains
2015-08-22T07:00:06Z,Stock market shrugs off exposé of Amazon work culture
2015-11-02T00:01:09Z,Amazon loses UK market share in non-digital entertainment to high street
2015-08-15T17:51:28Z,These sites accept Cookies: how streaming almost killed (and then saved) Sesame Street
2014-07-24T22:36:17Z,Amazon posts huge loss in second quarter, despite sales rise
2014-07-23T11:10:40Z,Amazon Fire Phone review roundup: misfiring on almost all cylinders
2014-08-15T14:12:36Z,Amazon makes play for online grocery market - but will it deliver?
2014-05-07T23:01:01Z,Independent booksellers bolstered in fight against Amazon
2014-08-12T17:10:53Z,Amazon vs Hachette: readers and authors take sides in publishing dispute
2015-12-16T16:42:59Z,UK retailers recall hoverboards following government advice
2014-06-19T10:20:07Z,Amazon 'Fire' phone's success may not be easily won
2014-07-11T16:03:14Z,Amazon seeks US permission to test Prime Air delivery drones
2014-07-17T09:50:00Z,Amazon leak reveals plan to launch Kindle book subscription service
2015-06-03T08:21:47Z,Amazon aims for British parents with Fire HD Kids Edition tablet
2015-06-23T13:31:36Z,Third-party sellers and Amazon - a double-edged sword in e-commerce
2015-06-22T11:19:52Z,Pay-per-page: Amazon to align payment with how much customers read
2017-09-17T08:15:36Z,Margrethe Vestager: ‘We are doing this because people are angry’
2015-04-28T13:22:18Z,Amazon and HBO execs to attend Guardian International TV  Festival
2015-04-01T12:22:13Z,Amazon moves towards 'internet of things' shopping with Dash
2016-04-08T09:29:53Z,Can news publishers take on the tech giants at their own game?
2015-08-17T19:17:38Z,Trouble at the mill threatens Jeff Bezos and Amazon's reputation
2016-02-05T02:43:16Z,Book Depository is coming to Australia – but there's nothing like a local bookshop
2015-06-26T10:35:41Z,Watch out Siri: Amazon turns page on future of voice assistants with Alexa
2014-02-21T00:05:00Z,Amazon takes on Netflix with rebrand of LoveFilm video-on-demand service
2014-09-28T15:30:23Z,Jeff Bezos' writer treatment: lavish money on some and cut pensions for others
2015-04-13T11:38:28Z,Ash Atalla on Twitter: 'I now get personal feedback from every bastard in the whole world!'
2015-02-03T12:51:11Z,Why are people buying fewer tablets?
2015-05-31T17:04:07Z,Rusbridger’s farewell illustrates the huge changes to the media in 20 years
2013-11-07T16:05:44Z,Amazon bids to put Kindles in indie bookshops
2013-11-06T14:03:25Z,Amazon employee rebukes wife over Bezo biography
2013-12-02T10:57:41Z,Amazon to deliver by drone? Don't believe the hype | James Ball
2013-12-02T03:40:07Z,Amazon trialling the use of drones for parcel delivery
2013-11-30T18:26:56Z,Ethical cosmetics company Lush takes 'bullying' Amazon to court
2014-10-20T07:00:14Z,Why the subscription dream of a ‘Netflix for books’ still has its limits
2014-12-15T21:13:03Z,Tech and media companies join Microsoft in privacy case against US government
2014-07-16T11:47:02Z,No wallet, no art dealer, no problem! Welcome to the age of the spend-swift | Emma Brockes
2015-03-16T07:30:06Z,Sky's marketing chief: 'Customers should feel served, not stalked'
2015-04-07T08:46:50Z,Democracy will die if professional journalists go to the wall
2014-01-09T12:33:38Z,Big Brother is watching you e-read Mein Kampf
2014-05-10T18:00:00Z,Attempts to stay anonymous on the web will only put the NSA on your trail
2013-10-17T15:27:51Z,Amazon’s Kindle Fire HDX Android tablets hit the UK from £199
2013-05-15T18:19:57Z,Kipper Williams on Amazon's tax bill
2013-07-19T16:46:00Z,Amazon's attitude to small presses gives a glimpse of the future
2013-12-26T18:23:35Z,Marketing company paid just 80p an hour for 70-hour week, workers claim
2013-11-28T13:58:27Z,Penguin teams up with Readmill on booksharing app
2013-12-04T11:49:00Z,Why do young readers prefer print to ebooks?
2014-01-20T17:47:43Z,Taxing times: the disconnect between brand image and tax policies
2013-05-30T16:48:41Z,Levy free: How billions of pounds have been siphoned off to tax havens
2013-08-12T07:50:00Z,Ben Bradlee wins America's highest civil honour
2013-08-23T19:21:09Z,Tech giants may be huge, but nothing matches big data
2013-06-03T21:52:59Z,Apple in US court over accusations of fixing prices of ebooks
2013-04-07T10:00:01Z,E-lending could signal a new chapter for libraries
2013-05-17T08:13:00Z,Jemima Kiss discovers TuneIn app, a gateway to the world’s radio stations
2013-07-31T15:47:43Z,Amazon to launch Kindle Singles ebook of Barack Obama interview
2015-06-15T13:46:17Z,EU states agree framework for pan-European data privacy rules
2013-05-30T18:08:52Z,Amazon opens office for 1,600 staff in London
2015-02-02T22:54:54Z,FCC's net neutrality proposal to treat high-speed internet like public utility
2015-01-07T18:06:06Z,Long live the ebook – it’s a champion of the printed word | Philip Jones
2013-06-27T20:12:25Z,Treasury minister hints at Amazon and Google tax action
2014-11-04T16:28:25Z,Christmas reads: what books are going to end up in your stocking this year?
2013-10-13T09:00:08Z,Top 10 science and tech books for October: Amazon, sharks and the French Resistance
2013-03-28T19:47:39Z,Amazon still king of online jungle
2013-08-29T17:53:54Z,Amazon can be undercut by small traders in UK after OFT intervention
2013-09-05T11:00:00Z,The big short – why Amazon's Kindle Singles are the future
2013-10-03T15:54:39Z,French MPs pass bill to curb Amazon's discounting on books
2016-04-17T09:15:20Z,Can the web save the press from oblivion?
2013-06-23T06:01:04Z,Amazon Marketplace has not sent me my phone – what can I do?
2013-07-14T18:28:37Z,US blocks crackdown on tax avoidance by net firms like Google and Amazon
2014-07-03T11:58:45Z,Argos extends eBay tie-up to bring click-and-collect service to 650 stores
2014-01-16T21:03:17Z,Argos, Halfords and the specialist retailers no longer look doomed
2013-04-22T15:32:00Z,Ebay lobbies against internet sales tax bill backed by Amazon
2013-05-15T18:30:13Z,HMRC has questions to answer over Amazon and Google's tax bills | Nils Pratley
2014-04-05T23:05:27Z,Marks & Spencer: chic in Paris, but losing ground at home
2014-12-03T16:30:12Z,Apple's Eddy Cue on ebooks price-fixing war: 'I'd do it again'
2013-10-06T16:38:46Z,Amazon facing strikes over pay in Germany
2015-10-01T14:50:11Z,#HelpCalais: how a hashtag grew into a social movement to support refugees
2014-05-15T07:00:00Z,Amazon's Werner Vogels: cloud services must empower the customer
2013-11-22T15:38:20Z,Amazon Coins launches in UK with free money offer
2014-06-12T08:00:00Z,Our fake book exposed Amazon's fatal flaw | Emily Kenway
2016-01-30T15:08:16Z,How Europe is fighting to change tech companies' 'wrecking ball' ethics
2013-09-27T17:29:00Z,What would Allen Lane make of Amazon?
2014-04-02T18:53:47Z,Amazon Fire TV isn't the living room of the future you're looking for. This is | Dan Gillmor
2013-12-13T17:19:00Z,When will publishers wake up to the challenge of Amazon?
2016-10-08T16:45:47Z,A free market in tax is a groteseque reality | Nick Cohen
2014-10-03T12:26:39Z,America’s Authors Guild presses US justice department to get aggressive with Amazon
2014-11-17T06:59:13Z,Amazon book of the year winner Celeste Ng: ‘Writing’s like shouting into the world’
2014-10-23T14:38:17Z,Goliath v Goliath: who will reign supreme in the Google v Amazon wars?
2014-08-18T18:38:20Z,The Guardian view on Amazon v Hachette: reading and writing | Editorial
2016-11-06T00:05:01Z,Tech is disrupting all before it – even democracy is in its sights
2014-08-14T18:06:48Z,Union calls for Co-op branches to oust Amazon lockers
2014-06-18T15:34:59Z,Apple discounts Hachette ebooks involved in Amazon row
2015-09-29T15:05:57Z,We live in an age of disruption. I’d rather be creative | Tom Hodgkinson
2016-08-23T01:08:53Z,Uber for couriers: Australian logistics software promises to minimise traffic and emissions
2014-10-06T19:30:10Z,Cut benefits? Yes, let’s start with our £85bn corporate welfare handout | Aditya Chakrabortty
2013-12-03T01:40:48Z,Amazon’s Australian Kindle store: an unhappy ending for the book industry?
2013-05-16T10:14:05Z,Amazon alternatives: where else do you shop online?
2013-02-16T09:00:26Z,Lucy Mangan: sorrows and Amazon
2013-03-22T09:35:00Z,Amazon tax petition hits 100,000 signatures
2013-04-15T07:30:01Z,Amazon, Kindle and the case for Cornish
2013-05-15T14:34:22Z,Amazon paid £3m tax on £4bn UK sales
2013-06-05T19:58:57Z,Amazon prepares to extend business into online food delivery
2014-10-15T06:00:03Z,Facebook refuses to disclose carbon emissions information to CDP
2014-04-02T14:30:00Z,Social media explosion powered by dirty energy, report warns
2014-05-22T11:27:05Z,Amazon's new downtown Seattle HQ: victory for the city over suburbia?
2013-12-20T14:34:27Z,Amazon to build futuristic HQ of greenhouse domes in downtown Seattle
2013-11-25T17:11:57Z,German Amazon workers strike in long-running dispute over pay
2016-04-08T11:00:32Z,Will Sean Parker's Screening Room hurt or help the film industry?
2014-05-06T17:07:36Z,#AmazonBasket lets users buy things straight from Twitter
2014-12-23T13:00:04Z,Congressional Scrooges: online sales tax law could make future Christmases more expensive
2014-07-17T13:47:46Z,Rupert Murdoch’s Time Warner bid: media giants bulk up for digital battle
2013-10-16T09:32:48Z,Amazon set to launch HTC-built smartphone, reports say
2014-10-25T23:05:05Z,America stems the flow of funds – just as China stalls and the eurozone risks going backwards
2014-12-18T01:01:24Z,Electrical retailers offering misleading discounts, study finds
2013-05-08T13:59:00Z,Marketplace Fairness Act: what does the internet sales tax bill mean for you?
2013-05-23T08:44:57Z,Fan fiction is in a different universe to Kindle Worlds | Mathilda Gregory
2013-08-16T08:01:38Z,Is Jeff Bezos a libertarian? Washington Post journalists would like to know
2013-05-17T19:59:04Z,Letters: Tax avoidance distorts the market
2014-07-17T06:30:07Z,Boot up: pay-to-play YouTube, iTunes Wallet, and a Google contact lens
2013-12-17T16:20:11Z,Sunday's NSA report confirms it: 60 Minutes is now in the spin business | Bob Garfield
2014-04-12T16:59:07Z,From YouTube to Vice – 10 trends that are changing how we watch TV
2013-07-04T14:52:35Z,Independent bookshops: share your survival strategies
2013-08-06T12:25:00Z,What Jeff Bezos could, and should, do with the Washington Post
2013-02-17T00:05:48Z,Digital capitalism produces few winners
2014-06-18T15:20:28Z,BlackBerry strikes deal to offer Amazon apps on BB10
2015-11-29T09:00:01Z,In the bleak midwinter, pesky drones made moan
2014-09-11T12:45:46Z,Amazon to move to new London office building as it quits Slough HQ
2015-05-31T08:00:07Z,Whether Greece does a deal or defaults, the prospects seem equally grim
2014-07-17T07:20:17Z,Billy Corgan accuses Amazon of breaking 'promises' following Adore reissue leak
2014-07-22T16:22:00Z,Royal Mail share price falls as Amazon parcel rethink hurts revenue
2015-06-26T12:48:50Z,Final Top Gear broadcast to give Clarkson, Hammond and May closure
2014-03-05T14:44:35Z,Why Amazon revived BBC's Ripper Street
2015-01-21T23:17:44Z,US tech giants launch fierce fightback against global tax avoidance crackdown
2014-05-28T08:53:21Z,Amazon tells customers to shop elsewhere in Hachette row
2015-05-31T05:59:05Z,From Digikala to Hamijoo: the Iranian startup revolution, phase two
2013-10-05T06:00:29Z,What is the best alternative to an Amazon Kindle?
2013-04-25T11:57:13Z,Amazon v the Amazon: internet retailer in domain name battle
2014-08-14T12:22:00Z,Product launches: how to conquer the shock of the new and sell your idea
2014-10-21T19:46:33Z,Holiday shopping season kicks off with temp workers who have no rights
2015-04-07T19:49:41Z,Jeff Bezos' rocket company Blue Origin to begin test flights this year
2013-06-04T21:26:31Z,British booksellers seek Amazon curb
2013-08-30T13:51:32Z,Barack Obama's letter explaining Amazon visit sparks criticism
2013-08-29T16:07:52Z,Amazon executive Larry Kirshbaum accused of sexual assault
2013-12-03T12:58:56Z,Amazon UK reports 'Cyber Monday' as busiest shopping day in its history
2013-09-18T05:59:00Z,What social enterprises can learn from Fairtrade
2013-12-27T11:46:05Z,Unwanted Christmas present? Discreet solutions to sell, swap or give away | Hilary Osborne
2013-02-03T00:05:18Z,We're all talk when it comes to buying books online
2013-05-10T12:20:39Z,Charlaine Harris threatened by fans over final Sookie Stackhouse novel
2013-03-03T00:04:00Z,Even Google won't be around for ever, let alone Facebook
2013-07-19T19:17:10Z,OECD tax proposals offer G20 'once in a century' chance to fix creaking system
2013-05-19T13:39:22Z,Tax avoidance: how to change corporate behaviour
2013-05-20T14:44:00Z,David Cameron told to stop moralising to multinationals over tax
2013-03-04T16:54:00Z,Bitcoin: more than just the currency of digital vice
2013-03-12T12:30:01Z,Big data: for the greater good or an invasion of privacy? | Pratap Chatterjee
2013-05-18T21:51:21Z,Fury at corporate tax avoidance leads to call for a global response
2014-07-29T06:30:11Z,Boot up: TaskRabbit, exploding phones, holograms and 3D printing
2014-09-04T16:00:01Z,Snapchat’s $10bn valuation: inside the billion-dollar bubble
2014-02-07T09:56:17Z,The 100 books to actually read in a lifetime
2014-02-23T18:17:00Z,Netflix gathers detailed viewer data to guide its search for the next hit
2013-05-16T19:24:44Z,MP on Google tax avoidance scheme: 'I think that you do evil'
2014-07-16T14:11:38Z,A volume of Das Kapital becomes a $40,000 commodity fetish: what would Karl Marx have said?
2013-07-29T09:00:00Z,Apple should be breaking new ground – not the law
2014-02-08T14:04:00Z,Finished that ebook yet? Hang on, sorry, it keeps updating
2013-12-04T15:42:00Z,Aleks Krotoski and Keith Stuart weight up the games console battle
2013-06-27T10:13:00Z,AutoRip comes to the UK: Amazon's 'gentle bridge' between real and virtual music
2013-08-07T08:00:00Z,Jeff Bezos: Washington Post sale leaves some anxiety over mogul's motives
2014-12-19T20:22:37Z,Dane investigating EU tax deals says Luxleaks trail will lead to fair pay
2013-09-01T21:48:00Z,Jeff Bezos | MediaGuardian 100 2013
2014-11-06T08:00:05Z,I’m hooked on ebook highlighting – what we underline is so revealing
2014-02-28T15:35:55Z,Waterstones boss James Daunt: 'We can sell enough books to stay alive'
2013-04-05T16:26:00Z,Amazon's Jeff Bezos leads $5m investment in Business Insider
2014-05-10T08:00:14Z,Top book-recommendation platforms: what are your favourites?
2013-09-29T10:00:00Z,Matchbook: one giant leap towards a virtual book collection
2013-03-28T17:59:00Z,Amazon's fees hike for third-party traders provokes fury
2014-07-01T13:06:52Z,Amazon's rise in Europe to be discussed by union leaders at Berlin meeting
2014-03-20T17:42:13Z,Virgin Media talking to Amazon about taking its video-on-demand service
2014-08-16T23:05:29Z,Amazon's Russell Grandinetti: Kindle champ takes on the books trade | Observer profile
2014-12-01T08:00:06Z,What’s in a name? Why readers shouldn’t underestimate the impact of internet domains
2013-11-30T07:00:27Z,Alternatives to Amazon: MPs spread seasonal boycott message
2014-01-16T16:09:29Z,Amazon hosting most of the net's malware, says security firm
2014-07-08T11:35:55Z,Amazon's battle with Hachette is a fight for readers, writers and retailers | Hugh Howey
2014-12-08T07:30:08Z,MediaGuardian 100: corporate giants dominate a more vulnerable digital landscape
2013-12-16T15:02:03Z,Amazon accidentally removes Disney Christmas special from owners' accounts
2014-09-12T13:12:12Z,Europe gears up to fight back against giant US beasts of the internet
2014-05-01T06:00:19Z,Amazon offers low-paid staff up to £8,000 towards tuition fees
2014-09-04T11:58:18Z,Amazon's £79 FireTV video streamer goes on sale in Europe
2015-01-28T09:32:11Z,Which is the best streaming media box?
2014-08-29T14:47:42Z,Amazon's new pilots: Sevigny shines in standout show The Cosmopolitans
2014-05-16T10:46:04Z,Amazon set to launch its first three original TV shows for children
2014-08-26T12:57:08Z,Twitch: Why Amazon's $1bn purchase is all about the ads
2014-06-25T15:29:55Z,Amazon plans to trial online shopping pick-up lockers in tube station car parks
2014-06-04T11:15:08Z,The war on Amazon is Big Publishing's 1% moment. What about other writers? | Barry Eisler
2014-12-10T07:30:03Z,Google's Eric Schmidt says AI concerns are normal but 'misguided'
2014-11-10T13:56:51Z,Everything I Never Told You tops Amazon’s 100 best books of 2014
2014-01-23T22:44:58Z,Margaret Hodge scaring companies away from UK, Treasury source claims
2013-11-29T13:00:00Z,The best tablets for under £200
2014-05-30T10:39:14Z,The cowardice of Francis Maude towards his tax targets | Hugh Muir
2013-05-15T22:10:08Z,From Suffolk book plant to British readers but will novel generate UK tax?
2014-05-26T23:32:26Z,Michael Gove hits back in row over GCSE syllabus
2014-04-05T23:05:00Z,Tom Weldon: 'Some say publishing is in trouble. They are completely wrong'
2013-05-06T22:22:31Z,Senate passes internet sales tax bill amid opposition from conservatives
2013-07-12T18:20:25Z,Kindle rival the Nook stumbles, but what is the next chapter for e-readers?
2013-07-10T20:17:02Z,Antitrusting Apple: the plot with publishers to hike ebook prices | Dan Gillmor
2013-10-15T13:01:41Z,France shows its support for independent booksellers
2014-02-26T10:20:23Z,BBC's Ripper Street saved by Amazon
2014-07-27T11:30:00Z,A single publisher going it alone won't counter the might of Amazon
2014-10-08T18:42:11Z,European commission to probe Amazon’s tax status in Luxembourg
2014-07-26T23:06:01Z,What does Amazon care for losses? Its plan is for world domination
2015-01-16T09:56:05Z,Britain could become a leader in the billion-pound drone industry
2014-07-03T11:13:39Z,Amazon says its delivery delays on Hachette books will benefit readers
2015-11-28T07:00:02Z,Ten of the best apps for doing your Christmas shopping
2014-10-28T16:10:03Z,Amazon's crowdsourced publishing venture Kindle Scout goes live
2016-01-10T09:00:25Z,Sainsbury’s bidding for Argos does not seem to make sense, but when you look at it more closely…
2015-03-02T11:58:23Z,Twitch now live streaming online poker matches alongside other games
2013-08-06T14:00:00Z,President Obama's Amazon jobs pitch is hard to buy with one click
2015-06-05T15:21:40Z,Why YA fiction is a dark mirror reflecting our own real lives
2014-07-15T06:30:14Z,Boot up: 3D printers in DIY stores, mobiles in parks, jailbreaking unrest
2013-08-05T22:27:26Z,Jeff Bezos uses Amazon roots to fund expeditions into world of print
2014-01-05T03:07:09Z,Amazon's Jeff Bezos flown from cruise ship after suffering kidney stone
2013-04-02T13:15:17Z,Amazon purchase of Goodreads stuns book industry
2013-05-18T23:06:14Z,One tax law for us and another for Amazon | Nick Cohen
2014-05-09T13:01:52Z,Publisher accuses Amazon.com of deliberately delaying sending its books
2014-09-30T16:36:15Z,Ed Sheeran talks Spotify royalties: 'I'm in the music industry to play live...'
2013-05-15T19:03:34Z,Tax: how Amazon passed the Slough test and prospered
2016-07-05T19:15:41Z,Amazon moves one step closer toward army of warehouse robots
2016-06-09T18:12:57Z,Amazon Fresh not quite a threat to supermarkets – yet
2017-12-22T07:00:47Z,Santa without the stress: last-minute digital Christmas gift guide
2017-09-04T16:30:17Z,It’s all about Me, Inc – how to get ahead in the age of egonomics
2016-05-11T15:20:46Z,Mike Leigh's Peterloo massacre drama heading to Amazon
2017-12-26T09:00:44Z,2018 will be the year 4K TV goes big, but HDR still lags behind
2016-03-04T11:32:33Z,How do I … avoid using Amazon?
2016-03-08T20:07:35Z,Amazon condemned for 'cavalier' knife advertising
2018-01-28T00:05:31Z,The big tech backlash
2017-09-03T06:00:36Z,Forget Wall Street – Silicon Valley is the new political power in Washington
2013-12-09T14:54:06Z,How publishing fiction online launched the career of this young writer | Beth Reeks
2013-08-06T00:36:43Z,Jeff Bezos and the Washington Post: a marriage of old media and new money | Emily Bell
2014-07-09T11:42:32Z,Rethinking retail: why brands are embracing the rise of the concept store
2015-12-04T11:00:16Z,Tech house of the future: take a look around
2013-09-12T09:51:00Z,Richard Desmond warns of regulation threat to public service broadcasters
2013-09-03T15:14:00Z,Jeff Bezos pledges financial support at first Washington Post staff meeting
2014-06-06T14:12:00Z,Bookshop memories: share your photos and stories
2013-11-04T14:01:13Z,Ebooks and discounts drive 98 publishers out of business
2013-12-15T14:30:00Z,Share your favourite ebooks with a friend
2014-08-28T14:39:32Z,You can try to be the next Hemingway -- for $6,000
2013-04-28T11:00:06Z,Kobo's greatest asset? It's not Amazon
2014-05-08T16:37:42Z,FCC under increased pressure over threat to net neutrality
2015-06-17T16:43:57Z,Congress warned that drones present 'a nightmare scenario for civil liberties'
2013-12-04T18:41:24Z,Google's humanoid robots take on Amazon's courier drones
2014-06-19T10:45:00Z,Why do we buy phones with so many features, then only play Candy Crush? | Emma Brockes
2014-04-30T16:25:13Z,Comixology removal of in-app purchases sparks user backlash
2014-10-08T12:15:43Z,Robots really are coming for your job, and there's nothing you can do about it | Nicholas Carr
2015-10-23T12:05:06Z,Silicon Valley should follow Google and create a $1bn journalism fund
2013-07-31T15:47:43Z,Amazon to launch Kindle Singles ebook of Barack Obama interview
2013-08-22T00:04:00Z,Amazon Kindle: why I finally went over to the dark side
2013-08-29T16:07:52Z,Amazon executive Larry Kirshbaum accused of sexual assault
2013-11-05T17:29:03Z,Is MacKenzie Bezos's one-star Amazon review part of a trend?
2013-12-03T12:58:56Z,Amazon UK reports 'Cyber Monday' as busiest shopping day in its history
2014-05-27T12:29:35Z,BBC licence fee top-slicing not on agenda of Ofcom review
2014-06-27T13:30:01Z,Donations won't save independent bookshops, but readers can | Emma Chapman
2013-05-23T11:09:21Z,Amazon licenses fan fiction ebooks
2014-07-11T08:43:33Z,It's time more parents started paying for children's apps
2013-09-13T22:39:00Z,Amazon model favours yakkers and braggers, says Jonathan Franzen
2014-11-22T11:59:24Z,Black Friday promises high street stores a £200m Christmas present
2013-10-17T14:30:00Z,Morrissey's Autobiography is Amazon No 1
2014-05-08T10:37:02Z,Amazon's 100 Books to Read in a Lifetime lists are full of gaps
2013-09-20T21:00:03Z,Amazon service 'used for child abuse pictures'
2013-07-23T16:55:05Z,Amazon scales back free delivery
2014-08-30T22:00:00Z,How video gaming turned into the world's newest spectator sport
2013-08-20T16:08:29Z,Vogue publisher strikes Amazon subscription deal
2013-11-05T09:56:25Z,Jeff Bezos' wife slams 'misleading' biography in Amazon review
2015-09-16T08:30:02Z,What if the mega-rich just want rocket ships to escape the Earth they destroy? | Jess Zimmerman
2013-10-08T11:00:50Z,What is France for? Standing up to Amazon | Fiachra Gibbons
2015-06-14T17:40:06Z,Kids’ TV becomes the final frontier in clash of the pay-TV empires
2015-08-22T12:00:12Z,Forget Etsy – app Tictail wants to democratize e-commerce
2013-07-02T08:25:41Z,Booksellers call on MP to lead campaign for 'fairer' tax from multinationals
2013-07-19T10:00:00Z,Nicholas Lezard: putting the case for professional critics
2013-08-06T14:08:39Z,The Washington Post re-Kindled | Michael Wolff
2013-05-18T23:05:00Z,Amazon's tax arrangements are nothing short of a work of art. Bravo! | David Mitchell
2013-08-06T20:51:52Z,Jeff Bezos: Amazon.com's 'dread pirate' founder
2014-12-02T22:30:09Z,George Osborne on offensive over tax abuse but admits deficit target missed
2013-05-24T10:02:30Z,20 best Android apps this week
2014-01-19T21:30:26Z,US tech firms make eleventh-hour attempt to halt tax avoidance reforms
2013-11-27T10:54:12Z,Christmas is coming for the high street | Holly Baxter
2014-03-20T09:53:59Z,Google Chromecast review: simple, fast internet TV
2013-06-03T21:30:10Z,Bilderberg guest list includes George Osborne and Ed Balls
2013-08-01T19:11:01Z,Zero-hours contract figures were wrong, ONS admits
2013-03-11T13:04:21Z,Tax haven London targeted by activists armed with adverts (and palm trees)
2013-07-07T17:42:01Z,Apps and games for children need to entertain – and educate
2013-10-11T06:00:00Z,What information can retailers see when they track customer movements?
2013-08-01T16:45:00Z,Spotify, Pandora and the profits problem for streaming music
2013-07-15T11:08:38Z,Reputation management: businesses must swallow the bitter pill
2013-04-02T21:20:35Z,New York court casts doubt on resale of digital music in ReDigi case
2013-05-22T20:00:01Z,Letters: Paying tax is absolutely a moral issue
2013-10-03T08:00:00Z,High street shops are studying shopper behaviour by tracking their smartphones or movement
2013-05-27T19:59:00Z,Letters: Taxing dilemma for offshore profits
2013-03-01T18:10:57Z,Ben Edelman on the importance of digital small print
2013-12-13T23:33:36Z,Drones: can these stealthy killing machines become agents of good?
2014-02-09T08:01:00Z,Those pesky software updates that ruin your fun
2013-04-24T08:52:19Z,Ebook anxieties increase as publishing revolution rolls on
2013-05-25T23:03:00Z,Why should Apple have access to consumers if it refuses to pay its fair share of taxes?
2013-06-02T11:00:02Z,How Kindle Worlds aims to colonise fan fiction
2013-12-23T07:01:22Z,Tech 128: From Airbnb to crowdfunding, the year in review
2013-11-20T16:34:50Z,HarperCollins UK boss tells publishers: take storytelling back from digital rivals
2013-08-14T11:29:44Z,BitTorrent bundle promotes crowdsourced TV drama Fly or Die
2014-03-24T19:46:19Z,Amazon to take stake in Yodel from Barclay brothers
2015-10-05T17:40:27Z,OECD tax reforms: five key points
2015-04-02T18:30:02Z,Too little thought is given to the environmental impact of instant gratification | Letters
2014-05-09T14:10:00Z,Amazon UK boycott urged after retailer pays just £4.2m in tax
2014-06-19T14:02:42Z,Open thread: is the Amazon Fire Phone flaming brilliant or a damp squib?
2014-04-11T12:54:10Z,Comixology tells customers their comics are safe after Amazon acquisition
2014-04-11T22:36:49Z,Amazon 3D smartphone to compete with Apple and Samsung  – report
2014-09-04T11:58:18Z,Amazon's £79 FireTV video streamer goes on sale in Europe
2015-08-25T18:14:44Z,Cockneys, unions and heavenly handbags | Letters
2014-07-05T23:05:00Z,From Google to Amazon: EU goes to war against power of US digital giants
2014-02-13T12:44:42Z,Lush is the little guy standing up to Amazon – but what if I hate the little guy? | Rhiannon Lucy Cosslett
2014-07-18T15:18:42Z,Self-publishing surging to 31% of ebook market, claims report
2014-09-25T13:51:34Z,DHL launches first commercial drone 'parcelcopter' delivery service
2016-04-21T18:25:33Z,From animal welfare to justice, arguments for and against the EU | Letters
2013-11-06T12:30:00Z,MacKenzie Bezos trashes latest book on Amazon and Jeff Bezos. Irony abounds | Emma Brockes
2015-02-09T19:15:20Z,The great internet swindle: ever get the feeling you've been cheated?
2013-10-04T16:28:41Z,Waterstones can live with Amazon and stem losses, says James Daunt
2013-07-19T20:20:44Z,Amazon told: time is up for tax avoidance
2015-08-24T07:59:22Z,The tale of a toy designer: drawing inspiration from the classroom
2016-01-29T09:00:02Z,Welcome to the sixth evolution of television: place-shifting
2013-10-14T10:02:13Z,Mipcom: TV bosses upbeat as technology opens new opportunities
2013-10-28T21:20:53Z,Britain's £35bn tax gap is 'tip of the iceberg', says Margaret Hodge
2014-07-18T11:40:09Z,Facebook testing ‘buy’ button to purchase goods directly from site
2014-03-26T05:34:23Z,Kindle v Glass, apps v text: the complicated future of books | Antony Loewenstein
2013-11-05T12:59:36Z,Arts head: Jeremy Epstein and Charlie Fellowes, founders, Edel Assanti
2015-11-26T07:00:11Z,30 Christmas gift ideas for tech-savvy children
2013-05-17T15:14:00Z,Indie booksellers call for action on Amazon's tax avoidance
2013-03-02T20:20:03Z,Amazon acts to halt sales of 'Keep Calm and Rape' T-shirts
2015-01-22T09:59:30Z,Ditch irrelevant mobile-first strategies and put people first
2013-12-09T14:54:06Z,How publishing fiction online launched the career of this young writer | Beth Reeks
2015-11-03T19:47:05Z,The Guardian view on social media: online may be our destiny, but do unplug once in a while | Editorial
2015-06-03T16:11:18Z,Ursula K Le Guin launches broadside on Amazon's 'sell it fast, sell it cheap' policy
2014-12-01T18:07:51Z,Amazon banks on rise of the robots to speed online orders to customers
2014-05-29T12:30:04Z,Is Amazon wrecking your beach reads?
2014-11-20T12:30:14Z,Amazon keeps cutting grocery prices — but does it care about profits?
2014-07-21T19:10:00Z,Amazon at 20: billions, bestsellers and legal battles
2014-10-27T14:46:51Z,Amazon Fire TV Stick takes on Google's Chromecast as $39 streaming device
2016-01-15T18:28:01Z,From GoPro to oh no! Investors reeling from stock price plunge
2015-08-24T14:24:00Z,Flash is dying a death by 1,000 cuts, and that's a good thing
2015-08-23T08:00:17Z,In no other industry would firms think it good to milk their best suppliers dry
2013-06-12T19:49:41Z,Sainsbury's chief calls for action to tax online rivals
2013-03-31T00:05:01Z,Will we suffer being read to by an automated voice?
2013-04-09T15:36:36Z,Scott Turow decries 'slow death' of the American author
2013-12-20T12:10:00Z,Kindle readers make their mark
2013-08-06T21:15:00Z,Zero-hours contracts: in David Cameron's Britain, the dockers' line-up is back | Seumas Milne
2013-11-19T12:04:28Z,Fact: Self-publishing my non-fiction as ebooks makes sense
2013-07-02T09:53:52Z,Rachel Abbott: 'Self-publishing means the success of my books is entirely down to me'
2013-07-30T14:21:00Z,Bauer magazine accused of whitewashing Nazi party's armed wing
2013-10-14T11:52:34Z,Depraved ebooks don't belong on the digital high street | Ally Fogg
2013-03-25T13:09:24Z,Philip Pullman to be Society of Authors' new president
2014-11-26T15:16:25Z,Cable says Royal Mail ‘scaremongering’ over universal delivery service
2013-07-30T23:01:04Z,Lords say Amazon-style tax avoidance schemes must end
2013-06-05T19:59:02Z,Letters: Don't blame Amazon for all bookshop woes
2014-06-21T23:04:08Z,Amazon's Jeff Bezos: the man who wants you to buy everything from his company | Observer profile
2015-08-25T09:51:40Z,Work is no cure for illness – the 24/7 culture is making us sick | Peter Fleming
2013-10-08T19:05:00Z,Tablet screen speed test goes to iPad mini - and Amazon shines too
2014-02-12T20:33:25Z,Lush trademarks cosmetics range named after Amazon's UK boss
2014-04-03T07:28:00Z,Fire TV: Amazon's $99 set top box looks to rival Google and Apple
2015-10-07T06:00:04Z,At last, the data giants have been humbled | Carly Nyst
2013-10-19T23:07:31Z,The big grey box in Leipzig where Amazon staff have found their voice
2013-03-20T23:51:21Z,Saturn V rocket engines recovered from seabed
2013-02-08T11:57:17Z,Anne of Green Gables goes blonde, sparking red hair scare
2013-05-17T19:30:01Z,Don't be fooled by Google's Prius-driving babyfacery | Marina Hyde
2013-07-31T20:28:00Z,Tax breaks used by mobile phone networks face scrutiny
2013-12-26T15:13:37Z,US states await key drones decision – and the billions that could follow
2014-01-04T22:01:00Z,The robots are coming. Will they bring wealth or a divided society?
2013-06-05T13:23:00Z,Bilderberg 2013: welcome to 1984
2013-12-03T18:06:36Z,ALEC facing funding crisis from donor exodus in wake of Trayvon Martin row
2013-07-04T09:14:00Z,How independent retailers are fighting back to save Britain's high streets
2014-01-02T13:26:09Z,Technology predictions for 2014: smarter cities, bigger games
2014-04-25T16:05:57Z,Amazon employs 18 women among 120 most senior managers
2014-06-16T15:18:52Z,As Amazon smartphone launch nears, company boasts about its app stats
2014-04-24T21:38:41Z,Amazon reports soaring earnings amid batch of new initiatives
2014-04-24T06:00:00Z,Love film: but really hate switching over to Amazon
2014-06-11T15:34:23Z,Amazon pulls Warner Bros movies from sales as trade dispute expands
2014-06-11T10:27:00Z,Amazon Living Wage campaigners place dummy book on site as protest
2014-08-11T06:00:06Z,Swimming against Amazon’s tide | Natalie Haynes
2014-12-03T14:41:36Z,Amazon's Mechanical Turk workers protest: 'I am a human being, not an algorithm'
2014-05-14T20:01:02Z,Readers and writers throw the book at Amazon over taxes | @guardianletters
2014-09-08T15:00:17Z,Amazon’s Fire phone limps towards UK launch
2016-02-19T19:04:23Z,Hoverboards that don’t meet safety standards now subject to seizure
2015-11-05T12:00:04Z,Silicon Valley feigns benevolence with self-serving benefits packages
2015-10-06T22:46:12Z,Waterstones to stop selling Kindle as book sales surge
2014-07-09T14:46:59Z,Amazon and Hachette take ebooks battle into public domain
2014-08-26T11:40:46Z,Amazon has sold no more than 35,000 Fire phones, data suggests
2016-01-07T13:03:18Z,Ebook authors may be an endangered species – but we can fight back | David Boyle
2016-03-09T12:37:07Z,Fancy some Charlie Sheen hot sauce? Is Endorsed the last, desperate celeb reality TV show?
2015-12-30T18:27:07Z,Why there’s no future in predictions | Letters
2016-03-06T13:00:34Z,Silicon Valley's gender problem extends beyond pay gap
2014-07-28T09:54:08Z,Amazon planning credit card reader to compete with PayPal – report
2014-07-25T11:05:49Z,Amazon's comixology introduces DRM-free downloads
2014-04-25T19:05:56Z,Amazon UK boss: How can following the law be unfair?
2014-06-12T14:06:01Z,Amazon Prime Music streaming service launches in the US with 1m songs
2015-08-12T17:32:53Z,You’ve got too much mail: why employers are cracking down on personal deliveries
2014-10-22T19:49:56Z,Inside the world of Amazon Vine book reviewers: how I ended up with a mailbox full of dog poo
2014-12-28T00:05:10Z,Meet tech’s new concierge economy, where serfs deliver stuff to rich folk | John Naughton
2013-10-31T16:40:25Z,Amazon launches literary journal
2014-06-30T08:00:00Z,As Amazon slugs it out with the big publishers, authors are left cowering | Adam Fletcher & Paul Hawkins
2014-08-14T12:05:48Z,Orwell estate hits back at Amazon's corporate 'doublespeak'
2014-06-05T21:41:31Z,Hachette lays off 3% of staff amid book prices row with Amazon
2016-01-29T09:00:02Z,Welcome to the sixth evolution of television: place-shifting
2013-12-04T18:57:03Z,Kipper Williams on Google's robots and Amazon's drones
2014-09-15T15:44:28Z,Whit Stillman: ‘I find it remarkable that people hate my work’
2015-08-18T15:50:56Z,Being edgy and cool doesn't make tech companies any less exploitative
2013-09-04T17:30:06Z,The Washington Post embarks on Amazon adventure with Jeff Bezos | Dan Gillmor
2013-08-06T17:58:22Z,Washington Post scrutinises Amazon lobbying after Jeff Bezos takeover
2013-10-18T12:17:23Z,BBC Worldwide to take on Netflix, Amazon and Hulu with new strategy
2014-02-22T06:05:00Z,Amazon's history should teach us to beware 'friendly' internet giants
2013-09-25T14:31:31Z,Amazon launches HDX high-resolution Kindle Fires and 'Mayday' for help
2014-12-14T09:00:08Z,Jean-Claude Juncker can’t shake off Luxembourg’s tax controversy
2013-07-19T16:46:00Z,Amazon's attitude to small presses gives a glimpse of the future
2014-12-14T00:04:01Z,Whisper it quietly, the book is back … and here’s the man leading the revival
2014-02-04T12:09:19Z,Doctor Who series eight: fans time-travel to review Capaldi in action
2013-12-19T07:00:15Z,Which? – retailers 'fobbing customers off' over returning faulty products
2013-11-30T09:00:00Z,Lucy Mangan: things can only get worse
2014-05-16T10:37:34Z,Women's fiction is a sign of a sexist book industry
2014-07-08T12:27:43Z,Which books have you failed to finish? | Open thread
2013-03-28T11:31:44Z,Amazon defends use of swear word in ad as 'light-hearted'
2013-09-18T10:12:51Z,Daft Punk's Random Access Memories is Amazon's best-selling vinyl ever
2013-02-21T16:26:56Z,Independent booksellers sue Amazon and 'big six' publishers over ebooks
2015-02-10T09:00:08Z,What if? Alternative history’s butterfly moments reach lift-off
2014-05-04T14:30:06Z,Homeless and working for Amazon: the trap of the seasonal job cycle
2013-12-01T00:05:00Z,My week as an Amazon insider
2014-09-07T16:30:05Z,Amazon's tantrum over books cost me $212 at a real bookstore
2014-04-28T12:49:50Z,Google, Facebook and Amazon race to blur lines between man and machine
2013-12-20T10:58:23Z,Amazon bosses petitioned over 'demeaning' staff conditions
2016-02-17T19:54:13Z,Rolls Royce: what could activist board member mean for the company?
2014-04-23T16:27:11Z,Amazon strikes deal with HBO to stream The Sopranos and The Wire
2014-04-23T06:30:12Z,Boot up: tiltable Amazon smartphones, portable wind turbines, and Wi-Fi tracking
2015-04-01T12:45:07Z,April Fool's pranks reveal the unfunny future of consumerism | Jess Zimmerman
2015-09-28T19:15:41Z,Labour party conference – as it happened
2013-08-23T19:09:39Z,Nasdaq crash triggers fear of data meltdown
2013-05-22T10:11:28Z,Zombieland: when fan power turns bad
2013-10-23T06:00:14Z,iPad Air: how does Apple's new tablet compare to the competition?
2013-08-23T07:00:00Z,Who owns the networked future of reading?
2013-04-19T16:13:51Z,Bookseller offers readers vouchers to dump Kindles
2013-09-26T15:00:00Z,'Mental patient' fancy dress shows how deep offensive stereotypes go in society | Alastair Campbell
2013-10-13T15:37:46Z,WH Smith shuts down its website over hardcore pornographic ebooks
2013-07-09T13:47:00Z,Fancy: New York's hottest site for your shopping wish list
2013-07-11T07:57:00Z,Apple played 'central role' in ebook price-fixing conspiracy, says federal judge
2015-04-22T11:52:30Z,Can anything curb the dominance of the internet's big guns?
2015-08-06T14:00:09Z,Seeing stars: writers should not fear online reviews
2014-06-25T11:08:39Z,New Amazon terms amount to 'assisted suicide' for book industry, experts claim
2014-06-21T23:05:37Z,From YouTube to Amazon, tech innovators need to be held to account | Observer editorial
2015-02-07T09:00:04Z,Battle of the drones: the little guys taking on the tech giants
2014-05-28T08:38:44Z,Do we need an Amazon-style website for social care services?
2014-05-28T10:19:47Z,Amazon acquires UK rights for Halle Berry sci-fi drama Extant
2014-06-18T09:30:22Z,Chinese smartphone on sale on Amazon and eBay contains built-in malware
2014-05-23T17:00:39Z,Amazon halts sales of some Hachette books as publishing battle escalates
2014-08-24T12:30:00Z,How Amazon's bid to bury Hachette has backfired
2016-03-09T10:14:17Z,Amazing fashion: will Amazon as 'a fashion site' ever take off?
2016-03-09T13:35:52Z,Amazon to create 1,000 jobs in Manchester at new fulfilment centre
2017-12-31T12:25:12Z,Year of the disruptors: bitcoin, Tesla and the slow demise of cash
2016-03-03T23:28:59Z,Amazon stops encryption on Fire tablets, leaving data vulnerable to attack
2017-06-12T16:33:15Z,Tech shares keep sinking amid concerns sector is slowing
2017-09-15T09:00:03Z,How big tech became the new titan of television
2016-02-29T17:40:05Z,Amazon primed: five areas the company is looking to expand into
2016-02-03T17:56:49Z,DWP post for Amazon boss is 'disgusting', says Margaret Hodge
2016-04-08T14:51:19Z,Jeremy Clarkson: BBC would put brakes on us using 'gear' for Amazon show
2016-03-16T16:32:34Z,Amazon and eBay to be held liable for VAT fraud by sellers
2017-12-26T13:46:55Z,The Guardian view on capitalism without capital | Editorial
2016-02-29T15:58:12Z,Amazon's tie-up with Morrisons is an upgrade but not game-changer
2016-07-28T18:23:40Z,Clear skies? Not for more than 200 years | Letters
2016-04-26T10:00:16Z,'She has a name': Amazon's Alexa is a sleeper hit, with serious superfans
2016-06-11T23:05:06Z,The delivery man always rings twice... if you’re lucky | Alex Clark
2016-08-08T16:46:11Z,Walmart splashes $3.3bn on Jet.com in hopes of jolting online retail sales
2017-03-30T09:03:41Z,How long will I be able to avoid the cloud?
2017-12-10T00:05:21Z,As corporate goliaths grow ever larger, Britain looks increasingly exposed  | Will Hutton
2015-09-29T11:11:15Z,Amazon enters 'gig economy' with Uber-for-packages service
2017-11-08T09:00:40Z,Ashamed to work in Silicon Valley: how techies became the new bankers
2013-02-21T16:26:56Z,Independent booksellers sue Amazon and 'big six' publishers over ebooks
2014-02-14T15:42:07Z,Hugh Howey calls for author earnings revolution
2014-04-09T11:18:48Z,Apple working on another set-top TV box, documents suggest
2014-07-08T18:13:31Z,M&S shrugs off website teething troubles – and sends Santa its wishlist
2015-04-10T19:19:21Z,Do the right thing: Spike Lee's Chicago film must avoid the city's crime clichés
2015-10-10T23:05:14Z,Inequality is the great concern of our age. So why do we tolerate rapacious, unjust tax havens? | Gabriel Zucman
2013-08-06T07:01:00Z,Washington Post sold: Amazon's Bezos shocks media with $250m purchase
2014-02-24T13:46:42Z,Jack Higgins's name used by writer of 'erotic' ebooks
2014-04-20T17:19:03Z,Microsoft seizes a disruptive moment to stake its claim on television
2014-05-06T10:07:04Z,Tesco to release own-brand smartphone and Hudl tablet 2
2015-06-19T13:38:31Z,Follow the money: inside the world's tax havens
2014-05-13T13:52:33Z,Be it Gary Barlow or Amazon, let's stop making excuses for tax avoiders | Alex Andreou
2014-09-23T10:57:13Z,Comic David Mitchell rails at Amazon’s ‘cynical … life-crushing’ business style
2014-06-18T19:12:06Z,Amazon unveils Fire Phone in bid to turn up the heat on Apple and Google
2014-02-02T18:45:47Z,Fund manager considered cancelling Amazon investment over tax avoidance
2013-11-08T09:13:00Z,Tomorrow's Tube: Amazon unlocks the future?
2014-09-15T16:05:45Z,Bestselling authors write to Amazon's board over 'ugly' Hachette sales dispute
2016-09-27T10:26:54Z,Why data is the new coal
2015-07-07T20:00:30Z,The £93bn handshake: businesses pocket huge subsidies and tax breaks
2013-12-02T16:02:00Z,Amazon Prime Air: drone delivery service - video
2016-07-28T15:26:55Z,Amazon launches Dash gadget to let you restock kitchen with a whisper
2017-09-03T06:00:36Z,Forget Wall Street – Silicon Valley is the new political power in Washington
2017-06-01T09:51:37Z,Is there a good tablet to replace a slow and laggy Google Nexus 9?
2017-02-14T17:53:18Z,Kapow! Amazon’s Alexa has learned new words – and she’s more nerdy than ever
2016-03-18T09:08:37Z,Banned by Amazon for returning faulty goods
2017-03-28T08:57:34Z,Google Home smart speaker brings battle of living rooms to UK
2016-09-29T10:41:29Z,Amazon's Echo struggles to connect to BT's Home Hub
2016-12-23T08:00:10Z,Seamless and simple: what marketers can learn from Amazon's new store
2016-05-06T10:53:57Z,Amazon and eBay hosted ads for banned invasive species
2017-12-12T12:54:44Z,Hey Alexa, is it true you’re a lefty feminist?
2015-08-25T23:01:01Z,BBC TV chief warns of US threat after big-money Amazon deals
2016-04-18T22:29:41Z,Netflix shares sink as international streaming business reports weak figures
2015-12-27T16:29:55Z,Amazon's Christmas book and DVD sales reflect UK regional differences
2016-06-16T17:45:09Z,Bad bosses make for insecure workers | Letters
2017-02-05T09:00:09Z,Five easy ways to make your home smarter
2015-06-08T13:26:44Z,Amazon sells reasonably-priced towel set for $800 billion
2015-06-30T18:01:33Z,Amazon Prime Now's one-hour delivery put to the test
2015-08-19T16:38:17Z,What will it take to make Amazon a great place to work?
2015-06-04T14:00:03Z,New Bookindy app helps bookshops fight back against Amazon
2017-04-30T23:01:13Z,May Day report by MPs damns growing UK gig economy
2017-12-07T14:16:47Z,Amazon is running its own hunger games – and all the players will be losers | Jathan Sadowski and Karen Gregory
2017-09-06T16:54:45Z,Amazon and Apple join race for James Bond distribution rights
2017-09-02T13:16:42Z,'Such a relief': customer returns Amazon packer's lost engagement ring
2017-09-21T18:41:33Z,Amazon and Facebook keen on Premier League rights, say Manchester United
2017-10-12T06:00:33Z,Amazon Fire HD 10 review: affordable tablet that's great for Netflix addicts
2017-07-27T20:44:46Z,Amazon founder Jeff Bezos – briefly – becomes world's richest man
2017-09-13T18:10:38Z,Amazon and eBay turning blind eye to VAT evasion, say MPs
2017-08-01T11:26:47Z,Amazon outbids Sky to win exclusive ATP tour tennis rights
2017-07-25T11:34:21Z,Amazon to double number of R&D staff in London
2017-08-16T16:15:14Z,Amazon stock market value falls by $5bn after critical Trump tweet
2018-01-19T19:00:31Z,Amazon's labour-hire deal and the impact on collective bargaining
2017-08-25T15:35:05Z,Amazon TV hints at significant expansion into sport broadcasting
2017-10-13T06:38:13Z,Rose McGowan alleges rape by Harvey Weinstein – and Amazon ignored claim
2017-09-14T10:59:06Z,Amazon redacts one-star reviews of Hillary Clinton's What Happened
2017-07-28T14:07:54Z,Self-published archaeological thriller takes £20,000 Amazon award
2017-11-19T00:05:46Z,As Amazon opens a guerrilla store, has the internet beaten the high street?
2017-11-22T02:56:25Z,Amazon spells black Friday for Australian retailers, but an early boon for consumers
2017-09-12T15:35:58Z,Amazon 'pays 11 times less corporation tax than traditional booksellers'
2017-10-04T10:25:22Z,Amazon ordered to repay €250m by EU over 'illegal tax advantages'
2017-09-06T16:54:45Z,Amazon and Apple join race for James Bond distribution rights
2017-11-15T15:09:23Z,Amazon US Open tennis deal sparks speculation over Premier League bid
2017-10-18T07:12:15Z,Amazon and eBay profiting from online VAT fraud, says watchdog
2017-10-11T13:00:12Z,Kindle Oasis: Amazon finally launches a water resistant e-reader
2017-10-09T09:36:39Z,How Amazon reviews became the new battlefield of US politics
2017-11-24T07:00:24Z,Amazon Echo Show review: smart speaker with a screen has great potential
2017-10-25T15:23:28Z,Amazon Key system will allow delivery drivers to unlock customers' doors
2017-12-14T10:57:34Z,Amazon Fire TV 4K HDR review: compact upgrade to make your TV smarter
2017-09-07T15:06:03Z,Amazon seeks prime North American spot for second headquarters
2017-11-11T10:00:22Z,Amazon makes Cambridge heart of Alexa and drone innovation with new offices
2017-12-01T11:38:15Z,Amazon Echo, Google Home or Sonos One: which smart speaker should I buy?
2016-05-15T10:00:03Z,Five of the best tablets
2015-08-18T08:38:41Z,Amazon 'regime' making British staff physically and mentally ill, says union
2016-02-12T08:00:13Z,Lee Child on Amazon’s real-life bookshops – and why we should be worried
2017-07-21T09:57:46Z,If dogs could talk, they’d tell us some home truths | John Bradshaw
2015-08-10T17:11:13Z,Amazon leases warehouse in prime position to deliver food to London
2015-05-01T14:47:49Z,Amazon doubles minimum spend for free delivery
2015-09-24T14:53:06Z,Jeremy Clarkson gets fast and furious as filming on Amazon TV show begins
2017-06-08T14:38:46Z,Planet of the Apps review – celebrity panel can't save Apple's dull first TV show
2016-02-02T07:00:00Z,Which is the best TV and movies streaming service?
2015-06-16T18:45:56Z,Amazon wants to turn your neighbor into your deliveryman
2016-05-26T14:14:40Z,Debenhams poaches Amazon's Sergio Bucher as new CEO
2015-12-09T17:15:16Z,How Amazon came to dominate fiction in translation
2016-01-04T07:00:05Z,My request for a refund from Amazon didn’t click
2016-01-26T08:30:59Z,Miley Cyrus confirms role in Woody Allen’s Amazon TV series
2016-02-18T13:44:51Z,Revealed: how Project Goldcrest helped Amazon avoid huge sums in tax
2015-12-30T18:56:34Z,Ocado shares plunge as Amazon Pantry leaves supermarkets anxious
2017-06-04T06:00:16Z,Surge pricing comes to the supermarket
2015-12-28T10:02:34Z,Jeff Bezos: 'I want Amazon to win an Oscar'
2015-11-01T09:15:02Z,How Amazon took control of the cloud | John Naughton
2016-07-27T18:02:25Z,J Arthur Rank replaced the flicks with clickety-clicks | Brief letters
2016-05-23T02:28:40Z,Australia’s worst invasive plant species available for import on Amazon and eBay
2017-12-31T07:00:23Z,From the future of bitcoin to Facebook, 2018 in technology
2017-09-01T18:45:17Z,Can Facebook take on Netflix with its first season of original shows?
2016-04-28T23:30:43Z,Amazon has most profitable quarter ever, but operating costs also rose
2017-03-09T10:19:19Z,What’s the best way to listen to ebooks?
2016-06-11T15:00:14Z,As Amazon takes on the UK grocery market, can it deliver a profit?
2016-03-30T12:51:32Z,Amazon clamps down on dangerous, laptop-destroying USB-C cables
2016-03-11T10:23:59Z,Amazon gadget hijacks owner's heating after hearing radio report
2017-12-11T19:18:22Z,Liam Fox’s free trade ideals boost big business | Letters
2017-06-18T18:04:44Z,The Guardian view on digital giants: they farm us for the data | Editorial
2016-02-11T10:25:37Z,Amazon updates its terms of service to cover the zombie apocalypse
2016-02-08T17:16:38Z,The government should withdraw its job offer to this Amazon executive | Margaret Hodge
2015-11-17T10:07:59Z,Thanks Amazon, but we don't need your solidarité
2016-03-18T18:02:28Z,Amazon at odds with SEC over allowing shareholder vote on gender pay gap
2016-12-10T15:59:02Z,The future of shopping: drones, digital mannequins and leaving without paying
2016-08-30T20:19:58Z,After Apple, the other tax deals in the European commission's sights
2016-02-19T20:21:09Z,Locals fear 'Amazon' project could bring a giant warehouse to Kent village
2016-02-26T08:00:17Z,Amazon's bookstores should be celebrated, not feared
2015-12-31T15:40:21Z,Amazon starts offering loans to customers with pay monthly option
2016-11-19T07:00:01Z,Black Friday: a shopper’s guide
2017-05-07T06:00:25Z,The week in TV: Jamestown, American Gods, Why Did I Go Mad?
2016-05-30T17:50:10Z,Lukewarm reception greets Chris Evans's revamped Top Gear
2016-01-27T21:15:47Z,Sweetheart deals and sister companies: how top firms pay less tax
2014-10-21T17:58:22Z,Asos dismisses Amazon takeover talk
2015-03-30T11:00:00Z,Amazon tests delivery drones at secret Canada site after US frustration
2015-09-29T17:50:16Z,Amazon's one-hour UK delivery service to include pizzas and ice-cream
2015-09-24T23:01:01Z,National living wage: John Lewis might have to alter staff benefits
2014-12-18T10:00:08Z,Amazon 'suppresses' book with too many hyphens
2015-12-29T07:00:01Z,2015 was the year that Adobe's Flash finally began to die
2015-03-27T21:56:53Z,Amazon to remove non-compete clause from contracts for hourly workers
2017-01-18T10:21:18Z,Amazon patent hints at self-driving car plans
2017-09-27T20:34:34Z,Amazon's latest Alexa devices ready to extend company's reach into your home
2018-01-03T06:00:08Z,Apple leads race to become world's first $1tn company
2017-02-28T22:30:55Z,Glitch in Amazon web servers causes problems for popular sites
2018-02-04T00:04:37Z,The checkout free shop is a wonderful idea, a machine will never judge you | Victoria Coren Mitchell
2017-04-16T06:00:23Z,Seattle is the testing ground as Amazon eyes its next big idea
2017-12-27T15:24:06Z,World's richest 500 see their wealth increase by $1tn this year
2017-03-13T19:52:39Z,Employment agency at centre of Sports Direct scandal axed by Amazon
2017-01-22T07:03:00Z,Amazon and Google fight crucial battle over voice recognition
2017-02-15T10:36:39Z,Amazon planning to use drones to drop parcels by parachute
2016-12-21T00:01:02Z,MPs poised to investigate VAT fraud on Amazon and eBay
2017-02-21T07:00:02Z,New Amazon Fire TV stick brings Alexa voice assistant to UK TV screens
2016-11-16T17:18:53Z,Morrisons expands Amazon deal offering delivery in an hour
2016-11-16T06:01:11Z,Amazon TV ad features imam and vicar exchanging gifts
2017-03-03T11:12:25Z,Typo blamed for Amazon's internet-crippling outage
2016-11-11T00:01:04Z,Amazon to spread Black Friday sales over two weeks
2016-12-28T10:36:26Z,Amazon refuses to let police access US murder suspect's Echo recordings
2016-12-26T07:00:36Z,From Amazon Echo to Oculus Touch: the best tech of 2016
2017-09-22T11:58:30Z,Amazon’s Alexa can tell you the meaning of life. But don’t ask about Donald Trump | Emma Brockes
2016-10-04T08:56:32Z,Amazon bans 'incentivised' reviews over lack of impartiality
2016-10-23T05:59:37Z,Amazon Marketplace’s faulty goods policy wears thin over Nike trainers
2016-08-25T06:00:03Z,Amazon is making me share my payment details
2016-12-23T19:03:21Z,Largest US police union asks Amazon to pull 'offensive' Black Lives Matter shirt
2017-06-19T05:03:03Z,GST extended to all goods bought overseas from July 2018
2016-11-01T20:50:03Z,Family sues Amazon for $30m claiming hoverboard burned down their house
2016-12-09T02:50:46Z,Amazon Go means more than just job losses, it will restructure the economy
2017-09-09T15:00:11Z,From handsets to Hollywood: Apple joins the dash for content
2016-09-28T08:00:00Z,Through the letterbox: the secret life of an Amazon reviewer
2016-06-09T04:00:40Z,Amazon starts UK fresh food delivery
2016-09-23T16:21:25Z,Amazon UK found guilty of trying to airmail dangerous goods
2016-09-26T16:23:01Z,Sainsbury's one-hour delivery service takes on Amazon
2017-01-04T19:23:11Z,LG unveils Hub Robot to compete with Amazon Echo and Google Home
2016-12-09T18:41:23Z,Amazon Go checkout-free stores look set to come to UK
2017-02-07T08:00:08Z,Amazon's Alexa escapes the Echo and gets into cars
2017-01-19T16:49:37Z,Neil Gaiman and Terry Pratchett's Good Omens due on Amazon Prime in 2018
2017-09-30T05:00:24Z,Ryanair’s crisis shows the true cost of the low-cost revolution | Gwyn Topham
2016-12-06T18:42:45Z,The Guardian view on Amazon grocery stores: the cost of convenience | Editorial
2016-11-13T00:07:03Z,Help an Amazon driver: hotfoot it to the shops | Barbara Ellen
2016-12-05T18:49:26Z,Amazon Go store lets shoppers pick up goods and walk out
2016-11-11T10:35:30Z,Amazon drivers admit to speeding due to tight delivery schedule
2017-11-25T08:00:18Z,Meet your new cobot: is a machine coming for your job?
2017-01-11T17:20:16Z,Amazon removes Indian flag doormat after minister threatens visa ban
2017-02-02T07:00:23Z,Amazon Web Services: the secret to the online retailer's future success
2017-08-28T16:16:46Z,Amazon's tech-style takeover of Whole Foods: cheaper produce and 'farm fresh' Echos
2017-02-02T22:33:39Z,Amazon posts solid fourth quarter profit but shares dip over revenue
2017-01-09T13:38:47Z,‘Alexa, sort your life out’: when Amazon Echo goes rogue
2017-10-27T17:18:39Z,Tech firms lift US stock markets to record highs
2016-11-13T09:45:15Z,Amazon Echo: the first 13 things to try
2017-09-26T21:25:51Z,EU tax crackdown on tech giants will damage growth, US body warns
2016-10-12T10:55:24Z,Amazon launches Spotify and Apple Music competitor
2017-07-28T15:14:01Z,Jeff Bezos: how the world's richest man can change his stingy reputation
2016-10-30T13:10:58Z,Jeremy Clarkson tells of BBC legal spanners in run-up to Amazon show
2017-03-29T14:04:45Z,Amazon's checkout-free physical shop 'can't cope with more than 20 people'
2016-06-22T11:12:04Z,Paris vows to fight Amazon Prime Now service
2016-11-28T07:00:23Z,Amazon Echo Dot review: as good as the Echo for one-third of the price
2016-08-06T06:00:26Z,Poor service from Amazon over its faulty HD television description
2016-08-01T20:59:22Z,Amazon plans headphones that know when someone says your name
2017-10-19T06:00:15Z,Photobucket’s shock hosting fee is holding web users to ransom
2016-09-14T11:30:19Z,Amazon launches Echo voice-controlled speaker and Alexa assistant in the UK
2018-01-04T12:06:43Z,Meltdown and Spectre: ‘worst ever’ CPU bugs affect virtually all computers
2015-11-12T07:00:03Z,Amazon Fire tablet review: a lot of tablet for just £50
2017-11-08T09:00:40Z,Ashamed to work in Silicon Valley: how techies became the new bankers
2015-11-13T13:15:28Z,Amazon takes aim at UK supermarkets with launch of Pantry service
2015-09-21T13:52:08Z,Twitter, Skype, Amazon: why does the internet keep breaking?
2015-08-02T06:00:07Z,Amazon is deaf to my Furby problem
2015-07-28T08:00:02Z,Amazon Prime Music launches in the UK
2015-11-09T14:13:57Z,Amazon buys Nicolas Winding Refn's Neon Demon – and will release theatrically
2015-11-30T11:57:30Z,Jeremy Clarkson drones on as Amazon ad aims to get sales flying
2017-03-27T18:15:17Z,Netflix poses no mortal threat to cinemas | Letter from  UK Cinema Association
2015-11-05T17:47:43Z,Amazon and Argos go head-to-head with same-day delivery
2017-02-15T10:36:39Z,Amazon planning to use drones to drop parcels by parachute
2017-10-20T09:00:04Z,As tech companies get richer, is it 'game over' for startups?
2017-03-01T16:19:40Z,How did an Amazon glitch leave people literally in the dark?
2016-12-12T07:31:09Z,Amazon accused of 'intolerable conditions' at Scottish warehouse
2016-12-14T15:02:45Z,Amazon claims first successful Prime Air drone delivery
2017-02-22T14:32:09Z,Amazon, Deliveroo and Uber 'still viable' with no gig economy workers
2016-11-14T09:44:41Z,Amazon launches Spotify rival in the UK
2017-01-31T09:56:50Z,Amazon pledges legal support to action against Trump travel ban
2017-04-26T16:18:41Z,Amazon unveils Echo Look, a selfie camera to help you choose what to wear
2017-11-08T21:13:24Z,Al Franken condemns big tech for failure 'to prevent spread of propaganda'
2017-05-09T05:00:52Z,Amazon moves into UK live music starting with Blondie London gig
2017-06-23T06:00:17Z,Amazon Fire 7 tablet review: still a lot of tablet for just £50
2018-01-06T08:00:07Z,How smart speakers stole the show from smartphones
2017-11-01T15:19:03Z,Full stream ahead: how Amazon's TV shows need to up their game
2018-02-01T06:00:27Z,Robots will take our jobs. We’d better plan now, before it’s too late | Larry Elliott
2017-05-05T06:10:03Z,Drone home: Amazon to triple R&D staff at Cambridge base
2017-04-28T06:35:01Z,Nasdaq surge expected to continue after strong Alphabet and Amazon results
2017-05-22T17:41:30Z,Online top ranking: what does Amazon Charts mean for the book industry?
2017-05-17T13:00:09Z,Amazon launches new £50 and £80 Fire tablets with Alexa digital assistant
2017-03-07T11:11:02Z,Murder defendant volunteers Echo recordings Amazon fought to protect
2015-10-30T15:01:27Z,Jeremy Clarkson sticks it to the BBC in Amazon Fire TV ad
2015-11-21T12:07:12Z,Goodbye privacy, hello Alexa: here's to Amazon echo, the home robot who hears it all
2015-10-06T23:01:33Z,Argos squares up to Amazon with same-day delivery across UK
2016-11-16T07:01:12Z,Black Friday warning as report finds only half of offers are the real deal
2017-07-08T09:00:04Z,Taylor Swift swan frolic prompts huge expansion in sales of inflatables
2015-10-21T06:00:08Z,Amazon Fire TV review: simple, fast, 4K and the best TV streaming
2015-10-19T15:48:46Z,Amazon claims New York Times didn't check facts for work culture exposé
2016-04-13T13:00:15Z,Kindle Oasis: Amazon's next big step towards its goal of digital paper
2015-09-17T13:40:15Z,Amazon releases £50 tablet that’s hardy enough to survive family life
2015-11-06T07:00:13Z,Amazon Fire HD 10 review: the wrong corners cut a poor tablet makes
2015-08-17T12:44:20Z,Jeff Bezos defends Amazon after NYT exposé of working practices
2015-07-16T11:00:33Z,Spike Lee's Chiraq gets Amazon release – and Oscars push
2016-07-31T17:51:47Z,What will be the role of humans in a world of intelligent robots? | Letters
2016-02-02T14:08:00Z,Can Amazon's new 'dream team' fix the company's sustainability reputation?
2016-03-16T07:01:13Z,Watchdog bans ad for breathalyser aimed at breastfeeding mothers
2016-10-24T09:57:59Z,British businesses to pay more for Microsoft Office following pound slump
2015-07-28T16:30:41Z,Amazon proposes drones-only airspace to facilitate high-speed delivery
2015-08-27T10:16:33Z,Amazon Underground aims to make Android apps and games 'actually free'
2015-07-09T11:39:36Z,Amazon accused of 'Big Brother' tactics over customer reviews
2016-06-18T10:00:08Z,Netflix faces growing competition as new and old rivals step up their game
2018-01-04T14:20:09Z,Spectre and Meltdown processor security flaws – explained
2016-07-12T21:24:54Z,Why so much coverage of Amazon Prime Day? The incentives, of course
2017-02-02T16:43:43Z,Thinking of joining an anti-Trump boycott? Think twice | Emma Brockes
2017-02-25T07:00:05Z,Will business rates hike be final chapter for high street bookshops?
2017-01-25T08:00:32Z,What does the store of the future look like?
2017-04-28T18:28:21Z,Publishers to blame for poor ebook sales | Letters
2016-07-07T12:06:59Z,Inside Amazon: secretive tech company opens its Seattle HQ to the public
2017-12-28T13:05:33Z,Which big names in business are 2018’s ones to watch?
2017-04-21T23:29:41Z,Labor calls for 12-month delay on import GST
2016-07-06T18:57:45Z,Amazon says 'business as usual' with plans to hire 1,000 extra staff
2017-08-23T08:00:08Z,Silicon Valley siphons our data like oil. But the deepest drilling has just begun
2017-07-12T08:00:19Z,Trump's 'war on the open internet': tech firms join day of action for net neutrality
2017-10-22T09:00:01Z,Tim O’Reilly: ‘Generosity is the thing that is at the beginning of prosperity’
2016-11-21T07:00:02Z,Amazon Echo review: combined speaker, voice assistant and smart-home controller
2016-11-18T19:13:20Z,Amazon v Donald Trump? Jeff Bezos may soon face his biggest challenge yet
2016-09-28T21:00:24Z,'Partnership on AI' formed by Google, Facebook, Amazon, IBM and Microsoft
2017-11-23T06:00:22Z,'Google tax' to crack down on avoidance by internet firms in UK
2016-10-11T17:20:14Z,Amazon reportedly planning to build a series of physical stores selling groceries
2016-05-10T14:01:18Z,Amazon launches YouTube-style video service
2016-08-25T11:08:38Z,Windows 10 computers crash when Amazon Kindles are plugged in
2016-09-02T12:12:18Z,Amazon Dash: does the world really need more little pieces of plastic?
2016-06-21T15:57:15Z,Amazon UK reviews Chinese traders before VAT fraud clampdown
2017-11-01T22:00:37Z,BBC chief warns British TV under serious threat from likes of Netflix
2017-10-05T12:40:00Z,Royal Mail’s employees are striking on behalf of all workers | Polly Toynbee
2017-04-06T06:01:33Z,Uber contract 'gibberish', says MP investigating gig economy
2016-12-05T09:52:14Z,Amazon's Snowmobile will let you upload stuff by the truckload – literally
2016-08-31T05:00:28Z,Amazon launches Dash instant-order Internet of Things buttons in the UK
2018-01-09T19:27:19Z,The strong case for a citizens’ wealth fund | Letters
2017-05-03T17:21:18Z,I found something I like in a store. Is it wrong to buy it online for less?
2016-07-28T21:22:25Z,Amazon Web Services booms as revenues hit $2.9bn in second quarter
2017-03-15T02:37:20Z,Amazon Kindle's terms 'unreasonable' and would take nine hours to read, Choice says
2017-04-19T04:02:41Z,Australia Post hits back at Amazon and eBay and says Coalition's GST model is best
2017-03-29T14:50:18Z,Want to buy a Nintendo Switch from Amazon? You'll need to join Prime first
2018-01-23T14:44:58Z,Apple HomePod finally available to buy, three years after the Echo
2017-05-26T10:00:09Z,Amazon's first New York bookstore blends tradition with technology
2017-04-10T10:31:17Z,Amazon Fire TV Stick review: cheap, great TV streaming device with new interface and Alexa
2016-11-28T12:46:30Z,Amazon and eBay sellers' VAT fraud rife despite crackdown
2017-10-04T17:25:56Z,The Guardian view on taxing the digital economy: crunch time | Editorial
2016-09-07T11:04:21Z,Amazon moves into takeaway food delivery
2017-01-12T07:00:21Z,How did Amazon know my new Visa card information before me?
2017-06-27T06:00:23Z,Amazon Fire HD 8 review: easily the best tablet you can buy for £80
2018-01-10T22:01:07Z,Jeff Bezos: where the $106bn man belongs on the all-time rich list
2017-04-18T08:00:10Z,Amazon attacks Coalition's plan to impose GST on all online purchases
2017-04-17T06:30:15Z,Move Fast and Break Things review – Google, Facebook and Amazon exposed
2017-06-20T18:10:43Z,It's not just Amazon coming for Whole Foods – Silicon Valley is eating the world
2018-01-27T16:00:54Z,Nail-biting drama for Sky and Disney as new rivals eye entertainment arena
2017-05-23T06:02:57Z,Amazon steps up battle with Netflix and Sky by adding new UK channels
2017-01-23T16:48:19Z,Amazon launches £20,000 literary prize for Kindle authors
2017-02-15T19:24:25Z,New from Amazon: the drone that delivers free publicity  | Peter Bradshaw
2017-07-06T11:18:41Z,Forget Alexa, Amazon's next big product is ... wine
2017-06-26T18:42:43Z,Amazon patents beehive-like structure to house delivery drones in cities
2018-01-16T15:44:03Z,Do we want Alexa to have an opinion over what we should watch?
2017-06-18T06:00:04Z,Whole Foods, then a whole industry? Amazon sinks teeth into supermarkets
2017-07-25T10:47:02Z,Roomba maker may share maps of users' homes with Google, Amazon or Apple
2017-06-06T11:00:21Z,Net neutrality: Amazon among top internet firms planning day of action
2017-06-03T05:59:46Z,Should we replace our old iPad 2 with an Amazon Fire?
2017-06-02T18:49:18Z,Jeff Bezos: the 'obsessive' Amazon founder and world's next richest man
2017-06-24T09:00:03Z,Clash of the retail titans: Amazon goes head to head with Walmart
2018-01-19T10:00:20Z,Amazon's next top headquarters: US cities strut their stuff as firm seeks second home
2017-10-28T23:05:11Z,Save me from Amazon’s home-delivery lunacy | Barbara Ellen
2017-06-16T13:26:19Z,Amazon to buy Whole Foods Market in $13.7bn deal
2017-08-24T21:38:51Z,Whole Foods price cuts are at center of Amazon-Walmart online war
2017-09-07T05:59:52Z,I tried to phone Amazon but the premium rate left me feeling robbed
2017-07-22T07:00:32Z,Hear, boy? Pet translators will be on sale soon, Amazon says
2017-10-17T15:43:59Z,US civic groups urge Amazon tax pledge: 'We expect you to pay your fair share'
2017-09-04T09:31:22Z,How Amazon is using catwalk trends to try to conquer high-street fashion
2017-06-19T06:00:28Z,Whole Foods for thought: Austin foodies ponder future under Amazon
2017-08-01T17:13:47Z,Black America: Amazon alt-history series to depict a post-reparations US
2017-08-27T14:29:30Z,UK TV industry risks losing £1bn a year to Amazon, YouTube and Facebook
2017-04-19T22:34:07Z,Amazon expands in Australia and plans huge warehouse
2017-09-26T18:00:11Z,The giant is coming: the true cost of Amazon to retailers and workers
2017-08-11T08:55:35Z,Amazon to take on Ticketmaster in lucrative ticketing market, report says
2017-07-18T14:20:06Z,$16 falafel patties anyone? Amazon moves into meal-kit market
2017-08-10T18:39:38Z,Amazon paid just £15m in tax on European revenues of £19.5bn
2017-08-08T22:48:36Z,Netflix and Amazon on edge as Disney plans own streaming service
2017-09-21T09:42:03Z,EU to find ways to make Google, Facebook and Amazon pay more tax
2017-09-19T13:00:18Z,Fire HD 10: Amazon cuts price and doubles storage with new 10in tablet
2017-11-08T07:30:38Z,Bids are in for Amazon's HQ2. Now the contest begins – but will it be worth it?
2017-07-11T14:30:26Z,Amazon and WhatsApp 'falling short over privacy', says pressure group
2017-06-16T13:26:19Z,Amazon to buy Whole Foods Market in $13.7bn deal
2018-01-26T10:00:43Z,Andreas Gursky’s Amazon: immensity of the image and the enterprise
2018-01-22T19:14:53Z,Amazon Go: convenience and concern at new checkout-free corner shop
2018-02-01T22:42:34Z,Jeff Bezos adds billions to his fortune as Amazon reports profit surge
2017-11-09T07:00:07Z,Amazon Echo second-generation review: smaller, cheaper and better
2018-01-20T06:30:44Z,The Amazon worker: paid £18,000 a year to shift 250 items an hour
2017-09-20T09:50:50Z,Amazon to release Alexa-powered smartglasses, reports say
2017-12-01T07:00:36Z,Amazon Kindle Oasis 2017 review: the Rolls-Royce of e-readers
2017-10-13T15:33:19Z,Amazon to create 1,200 jobs with new Bolton warehouse
2017-11-15T15:09:23Z,Amazon US Open tennis deal sparks speculation over Premier League bid
2017-12-06T11:59:05Z,Google v Amazon: YouTube app pulled from Fire TV and Echo Show
2017-10-28T23:05:11Z,Save me from Amazon’s home-delivery lunacy | Barbara Ellen
2017-04-29T08:00:25Z,Fangs: the lightning rise of Facebook, Amazon, Netflix and Google
2017-04-04T05:30:43Z,Amazon expands into UK's £96bn business-to-business market
2017-04-27T10:34:55Z,Amazon creates 1,200 jobs at warehouse equipped with advanced robotics
2017-05-12T10:33:09Z,Wake up! Amazon, Google, Apple and Facebook are running our lives | Hannah Jane Parkinson
2017-12-13T18:20:35Z,Choose your own adventure – how tech is changing TV
2017-06-05T21:23:09Z,Apple unveils HomePod speaker to take on Amazon Echo and Google Home
2017-03-29T10:45:47Z,Russia blamed for Amazon listing of anti-Trump book
2017-05-09T14:41:51Z,Amazon launches Echo Show smart speaker with touchscreen and video calling
2017-11-19T06:59:54Z,Is Alexa to blame for a costly doll’s house being sent to me by mistake?
